"","sub","item","cond","seq","trialStart","trialEnd","sound","sound_type","regionS","regionE","regionN1","tBnd","tSFIX","ISI","nextFlag","delBnd","delFix","prevFix","nextFix","prevGood","onTarget","inRegion","hook","blink"
"1",1,1,2,1,4929351,4935283,1,"STD",204,302,414,4930066,4930071,NA,"ESACC",1,5,113.4,227.2,"Yes","Yes","Yes","No","No"
"2",1,1,2,1,4929351,4935283,2,"STD",414,512,568,4930949,4930952,883,"ESACC",3,3,341.7,438.3,"Yes","Yes","Yes","No","No"
"3",1,1,2,1,4929351,4935283,3,"STD",568,652,750,4932091,4932098,1142,"ESACC",3,7,543.3,612.1,"Yes","Yes","Yes","No","No"
"4",1,1,2,1,4929351,4935283,4,"STD",750,820,918,4932731,4932732,640,"ESACC",3,1,675.8,759.4,"Yes","Yes","Yes","No","No"
"5",1,1,2,1,4929351,4935283,5,"STD",918,1058,1920,4933217,4933224,486,"ESACC",2,7,850.9,987.3,"Yes","Yes","Yes","No","Yes"
"6",1,2,2,2,4939399,4944339,1,"STD",330,414,470,4940271,4940278,NA,"ESACC",2,7,238.9,365.6,"Yes","Yes","Yes","No","No"
"7",1,2,2,2,4939399,4944339,2,"STD",470,554,624,4940983,4940992,712,"ESACC",2,9,457.7,527.9,"No","Yes","Yes","No","No"
"8",1,2,2,2,4939399,4944339,3,"STD",624,708,820,4941495,4941717,512,"EFIX",83,222,603.6,695.8,"Yes","Yes","Yes","No","No"
"9",1,2,2,2,4939399,4944339,4,"STD",820,890,974,4942007,4943065,512,"EFIX",117,1058,792.3,904.1,"Yes","No","Yes","No","No"
"10",1,2,2,2,4939399,4944339,5,"STD",974,1086,1920,4942519,4943065,512,"ESACC",344,546,904.1,1070.9,"Yes","Yes","Yes","No","Yes"
"11",1,3,2,3,4948024,4951986,1,"STD",246,316,372,4948959,4948976,NA,"ESACC",1,17,237.5,357.5,"No","No","Yes","No","No"
"12",1,3,2,3,4948024,4951986,2,"STD",372,484,554,4949517,4949711,558,"EFIX",74,194,357.5,461.3,"No","Yes","Yes","No","No"
"13",1,3,2,3,4948024,4951986,3,"STD",554,652,708,4950028,4950465,511,"EFIX",85,437,513.2,573.4,"Yes","Yes","Yes","No","No"
"14",1,3,2,3,4948024,4951986,4,"STD",708,862,904,4950540,4950869,512,"EFIX",NA,329,573.4,714.6,"Yes","Yes","Yes","No","No"
"15",1,3,2,3,4948024,4951986,5,"STD",904,1030,1920,4951052,4951210,512,"EFIX",186,158,714.6,932.8,"Yes","Yes","Yes","No","No"
"16",1,68,3,4,4955224,4959913,1,"STD",204,316,386,4955636,4956044,NA,"EFIX",NA,408,76.7,198,"Yes","No","Yes","Yes","No"
"17",1,68,3,4,4955224,4959913,2,"STD",386,526,596,4956484,4956501,848,"ESACC",2,17,377.4,499.3,"No","Yes","Yes","No","No"
"18",1,68,3,4,4955224,4959913,3,"STD",596,722,806,4957026,4957319,542,"EFIX",29,293,598,752.5,"No","No","Yes","No","No"
"19",1,68,3,4,4955224,4959913,4,"STD",806,932,1002,4957538,4957553,512,"ESACC",6,15,874.9,982.7,"No","No","Yes","No","No"
"20",1,68,3,4,4955224,4959913,5,"DEV",1002,1170,1920,4958207,4958223,669,"ESACC",NA,16,982.7,1245.8,"Yes","No","Yes","No","No"
"21",1,5,2,5,4961279,4964711,1,"STD",190,302,386,4962167,4962173,NA,"ESACC",1,6,143.7,230.3,"Yes","Yes","Yes","No","No"
"22",1,5,2,5,4961279,4964711,2,"STD",386,484,540,4962791,4962795,624,"ESACC",2,4,337.7,414.4,"Yes","Yes","Yes","No","No"
"23",1,5,2,5,4961279,4964711,3,"STD",540,624,722,4963341,4963621,550,"EFIX",49,280,511.1,611.9,"Yes","Yes","Yes","No","No"
"24",1,5,2,5,4961279,4964711,4,"STD",722,820,876,4963853,4964037,512,"EFIX",43,184,715.3,857.2,"No","No","Yes","No","No"
"25",1,29,2,6,4968696,4974786,1,"STD",218,344,456,4969349,4969356,NA,"ESACC",1,7,177.4,254.8,"Yes","Yes","Yes","No","No"
"26",1,29,2,6,4968696,4974786,2,"STD",456,568,708,4970605,4970611,1256,"ESACC",1,6,407.4,486.4,"Yes","Yes","Yes","No","No"
"27",1,29,2,6,4968696,4974786,3,"STD",708,806,862,4971411,4971416,806,"ESACC",2,5,583.2,724.9,"Yes","Yes","Yes","No","No"
"28",1,29,2,6,4968696,4974786,4,"STD",862,946,1030,4972283,4972288,872,"ESACC",2,5,798.5,890.5,"Yes","Yes","Yes","No","No"
"29",1,29,2,6,4968696,4974786,5,"STD",1030,1128,1920,4973007,4973013,724,"ESACC",2,6,965.6,1065.5,"Yes","Yes","Yes","No","Yes"
"30",1,28,2,7,4976657,4981144,1,"STD",232,344,400,4977198,4977200,NA,"ESACC",2,2,107.1,264.3,"Yes","Yes","Yes","No","No"
"31",1,28,2,7,4976657,4981144,2,"STD",400,526,596,4977858,4977866,660,"ESACC",2,8,380.9,443.5,"Yes","Yes","Yes","No","No"
"32",1,28,2,7,4976657,4981144,3,"STD",596,680,750,4978384,4978390,526,"ESACC",2,6,554.2,633.1,"Yes","Yes","Yes","No","No"
"33",1,28,2,7,4976657,4981144,4,"STD",750,820,876,4978883,4978886,499,"ESACC",1,3,694,763,"Yes","Yes","Yes","No","No"
"34",1,28,2,7,4976657,4981144,5,"STD",876,1002,1920,4979385,4980679,502,"EFIX",106,1294,853.1,941.9,"Yes","Yes","Yes","No","Yes"
"35",1,27,2,8,4982955,4987722,1,"STD",246,330,386,4983525,4983832,NA,"EFIX",NA,307,108,243.5,"Yes","No","Yes","Yes","No"
"36",1,27,2,8,4982955,4987722,2,"STD",386,498,638,4984216,4984226,691,"ESACC",2,10,352.8,449.7,"Yes","Yes","Yes","No","No"
"37",1,27,2,8,4982955,4987722,3,"STD",638,708,764,4984978,4985221,762,"EFIX",NA,243,516.2,642.4,"Yes","Yes","Yes","No","No"
"38",1,27,2,8,4982955,4987722,4,"STD",764,834,876,4985529,4985738,551,"EFIX",106,209,735.3,822,"Yes","Yes","Yes","No","No"
"39",1,35,2,9,4989018,4992410,1,"STD",162,232,330,4989614,4989624,NA,"ESACC",1,10,124.6,237.2,"Yes","No","Yes","No","No"
"40",1,35,2,9,4989018,4992410,2,"STD",330,456,498,4990138,4990179,524,"EFIX",216,41,237.2,366.7,"Yes","Yes","Yes","No","No"
"41",1,35,2,9,4989018,4992410,3,"STD",498,568,624,4990650,4990749,512,"EFIX",134,99,479.5,545.8,"Yes","Yes","Yes","No","No"
"42",1,35,2,9,4989018,4992410,4,"STD",624,708,764,4991162,4991363,512,"EFIX",181,201,607.9,742.3,"Yes","No","Yes","No","No"
"43",1,71,3,10,4994026,4999247,1,"STD",204,358,442,4994562,4994570,NA,"ESACC",1,8,137.5,267,"Yes","Yes","Yes","No","No"
"44",1,71,3,10,4994026,4999247,2,"STD",442,526,638,4995152,4995156,590,"ESACC",2,4,388.4,478.4,"Yes","Yes","Yes","No","No"
"45",1,71,3,10,4994026,4999247,3,"STD",638,806,848,4995839,4995844,687,"ESACC",2,5,545.5,682.4,"Yes","Yes","Yes","No","No"
"46",1,71,3,10,4994026,4999247,4,"DEV",848,974,1030,4996368,4997117,529,"EFIX",NA,749,682.4,844,"Yes","No","Yes","Yes","Yes"
"47",1,71,3,10,4994026,4999247,5,"STD",1030,1114,1920,4997953,4997971,1585,"ESACC",1,18,1002.8,1069.5,"Yes","Yes","Yes","No","Yes"
"48",1,18,2,11,5000863,5005496,1,"STD",162,302,372,5001268,5001268,NA,"EFIX",2,0,61.4,165.1,"Yes","Yes","Yes","No","No"
"49",1,18,2,11,5000863,5005496,2,"STD",372,512,568,5002267,5002276,999,"ESACC",2,9,351.2,434.9,"Yes","Yes","Yes","No","No"
"50",1,18,2,11,5000863,5005496,3,"STD",568,736,890,5002768,5002830,501,"EFIX",NA,62,434.9,572.5,"Yes","Yes","Yes","No","No"
"51",1,18,2,11,5000863,5005496,4,"STD",890,974,1016,5003381,5003385,613,"ESACC",2,4,785.8,931.5,"Yes","Yes","Yes","No","Yes"
"52",1,58,3,12,5007310,5012952,1,"STD",232,344,400,5007951,5007954,NA,"ESACC",2,3,103.1,270.7,"Yes","Yes","Yes","No","No"
"53",1,58,3,12,5007310,5012952,2,"STD",400,526,652,5008827,5008833,876,"ESACC",2,6,364.8,432.3,"Yes","Yes","Yes","No","No"
"54",1,58,3,12,5007310,5012952,3,"DEV",652,736,806,5009445,5009677,618,"EFIX",NA,232,559.4,648.3,"Yes","No","Yes","Yes","No"
"55",1,58,3,12,5007310,5012952,4,"STD",806,904,1016,5010174,5010177,729,"ESACC",2,3,735.1,823.7,"Yes","Yes","Yes","No","No"
"56",1,58,3,12,5007310,5012952,5,"STD",1016,1100,1920,5011301,5011905,1127,"ESACC",4,604,936.2,1188.2,"Yes","No","Yes","No","Yes"
"57",1,40,2,13,5014329,5019371,1,"STD",232,302,358,5015129,5015135,NA,"ESACC",1,6,165.2,252.7,"Yes","Yes","Yes","No","No"
"58",1,40,2,13,5014329,5019371,2,"STD",358,484,526,5016507,5016524,1378,"ESACC",2,17,352.8,460.1,"No","Yes","Yes","No","No"
"59",1,40,2,13,5014329,5019371,3,"STD",526,596,652,5017170,5017181,663,"ESACC",2,11,513.2,601.6,"No","No","Yes","No","No"
"60",1,40,2,13,5014329,5019371,4,"STD",652,778,834,5017703,5017853,533,"EFIX",111,150,601.6,677.9,"Yes","Yes","Yes","No","No"
"61",1,40,2,13,5014329,5019371,5,"STD",834,932,1920,5018214,NA,511,"EFIX",150,NA,803.1,869.3,"Yes","Yes","Yes","No","No"
"62",1,13,2,14,5021545,5026897,1,"STD",246,386,498,5022837,5022846,NA,"ESACC",1,9,211,306,"Yes","Yes","Yes","No","No"
"63",1,13,2,14,5021545,5026897,2,"STD",498,596,736,5023480,5023804,643,"EFIX",NA,324,401.9,504.4,"Yes","Yes","Yes","No","No"
"64",1,13,2,14,5021545,5026897,3,"STD",736,862,932,5024322,5024329,842,"ESACC",1,7,676.3,777.4,"Yes","Yes","Yes","No","No"
"65",1,46,3,15,5035218,5040891,1,"STD",190,330,386,5035976,5035985,NA,"ESACC",1,9,106.4,231.3,"Yes","Yes","Yes","No","No"
"66",1,46,3,15,5035218,5040891,2,"STD",386,484,596,5036693,5036708,717,"ESACC",2,15,371.7,496.1,"No","No","Yes","No","No"
"67",1,46,3,15,5035218,5040891,3,"DEV",596,708,750,5037245,5037577,552,"EFIX",185,332,496.1,623,"Yes","Yes","Yes","No","No"
"68",1,46,3,15,5035218,5040891,4,"STD",750,862,918,5037880,5037897,635,"ESACC",2,17,740.3,915.4,"No","No","Yes","No","No"
"69",1,46,3,15,5035218,5040891,5,"STD",918,1030,1920,5039101,5039108,1221,"ESACC",1,7,892.1,957,"Yes","Yes","Yes","No","No"
"70",1,62,3,16,5044528,5049727,1,"STD",218,330,386,5045353,5045359,NA,"ESACC",1,6,141.3,258.6,"Yes","Yes","Yes","No","No"
"71",1,62,3,16,5044528,5049727,2,"STD",386,498,554,5046072,5046081,719,"ESACC",2,9,361,438,"Yes","Yes","Yes","No","No"
"72",1,62,3,16,5044528,5049727,3,"DEV",554,666,764,5046633,5046737,561,"EFIX",71,104,512,579.4,"Yes","Yes","Yes","No","No"
"73",1,62,3,16,5044528,5049727,4,"STD",764,834,932,5047125,5047353,492,"EFIX",126,228,680.9,803.8,"Yes","Yes","Yes","No","No"
"74",1,62,3,16,5044528,5049727,5,"STD",932,1072,1920,5048635,5048644,1510,"ESACC",1,9,874.6,974,"Yes","Yes","Yes","No","Yes"
"75",1,57,3,17,5051476,5057285,1,"STD",246,386,442,5052233,5052240,NA,"ESACC",2,7,149.8,296.9,"Yes","Yes","Yes","No","No"
"76",1,57,3,17,5051476,5057285,2,"DEV",442,540,596,5053617,5053621,1384,"ESACC",1,4,400.6,465.2,"Yes","Yes","Yes","No","No"
"77",1,57,3,17,5051476,5057285,3,"STD",596,708,778,5054123,5054125,506,"ESACC",5,2,551.2,619,"Yes","Yes","Yes","No","No"
"78",1,57,3,17,5051476,5057285,4,"STD",778,918,974,5055290,5055295,1167,"ESACC",2,5,714.4,792.9,"Yes","Yes","Yes","No","No"
"79",1,57,3,17,5051476,5057285,5,"STD",974,1128,1920,5055849,5055849,559,"EFIX",14,0,990.5,935.9,"No","No","No","Yes","Yes"
"80",1,15,2,18,5059075,5065591,1,"STD",204,344,400,5060651,5060655,NA,"ESACC",2,4,132.1,230.5,"Yes","Yes","Yes","No","No"
"81",1,15,2,18,5059075,5065591,2,"STD",400,512,624,5062337,5062344,1686,"ESACC",2,7,370.8,434,"Yes","Yes","Yes","No","No"
"82",1,15,2,18,5059075,5065591,3,"STD",624,708,792,5062847,5063161,510,"EFIX",NA,314,533.8,632.2,"Yes","Yes","Yes","No","No"
"83",1,15,2,18,5059075,5065591,4,"STD",792,904,974,5063527,5063531,680,"ESACC",2,4,717,816.1,"Yes","Yes","Yes","No","No"
"84",1,15,2,18,5059075,5065591,5,"STD",974,1072,1920,5064217,5064224,690,"ESACC",1,7,927.5,1017.8,"Yes","Yes","Yes","No","Yes"
"85",1,70,3,19,5067669,5074887,1,"STD",232,316,372,5069072,5069466,NA,"EFIX",3,394,153.2,248.2,"Yes","Yes","Yes","No","No"
"86",1,70,3,19,5067669,5074887,2,"STD",372,484,526,5069957,5069965,885,"ESACC",1,8,334.4,415.6,"Yes","Yes","Yes","No","No"
"87",1,70,3,19,5067669,5074887,3,"DEV",526,596,652,5070713,5070717,756,"ESACC",3,4,491,552.5,"Yes","Yes","Yes","No","No"
"88",1,70,3,19,5067669,5074887,4,"STD",652,736,820,5071276,5071558,563,"EFIX",16,282,620.3,679.1,"Yes","Yes","Yes","No","No"
"89",1,70,3,19,5067669,5074887,5,"STD",820,918,1920,5072681,5072688,1405,"ESACC",2,7,798.8,867.3,"Yes","Yes","Yes","No","No"
"90",1,65,3,20,5076263,5081864,1,"STD",204,344,400,5076809,5076814,NA,"ESACC",2,5,117.8,239.5,"Yes","Yes","Yes","No","No"
"91",1,65,3,20,5076263,5081864,2,"DEV",400,512,568,5077589,5077894,780,"EFIX",NA,305,296.9,397.8,"Yes","No","Yes","Yes","No"
"92",1,65,3,20,5076263,5081864,3,"STD",568,694,778,5078429,5078542,840,"EFIX",NA,113,492.8,563.6,"Yes","No","Yes","Yes","No"
"93",1,65,3,20,5076263,5081864,4,"STD",778,932,960,5079969,5079973,1540,"ESACC",1,4,744.5,801.1,"Yes","Yes","Yes","No","No"
"94",1,65,3,20,5076263,5081864,5,"STD",960,1030,1920,5080513,5080804,544,"EFIX",NA,291,964.4,900.3,"No","No","No","Yes","No"
"95",1,75,3,21,5083260,5089611,1,"STD",176,260,302,5084018,5084020,NA,"ESACC",3,2,119.5,190.1,"Yes","Yes","Yes","No","No"
"96",1,75,3,21,5083260,5089611,2,"STD",302,400,526,5084794,5084796,776,"ESACC",NA,2,237,305.4,"Yes","Yes","Yes","No","No"
"97",1,75,3,21,5083260,5089611,3,"STD",526,666,722,5085964,5085970,1170,"ESACC",2,6,448.6,561.7,"Yes","Yes","Yes","No","No"
"98",1,75,3,21,5083260,5089611,4,"DEV",722,876,960,5086702,5086702,738,"EFIX",2,0,667.1,717.2,"Yes","No","Yes","Yes","No"
"99",1,75,3,21,5083260,5089611,5,"STD",960,1058,1920,5088616,5088625,1914,"ESACC",2,9,941,1012.4,"Yes","Yes","Yes","No","No"
"100",1,78,3,22,5091017,5096999,1,"STD",218,344,414,5091923,5091930,NA,"ESACC",2,7,172.5,261,"Yes","Yes","Yes","No","No"
"101",1,78,3,22,5091017,5096999,2,"STD",414,540,624,5092777,5092784,854,"ESACC",2,7,371.9,451,"Yes","Yes","Yes","No","No"
"102",1,78,3,22,5091017,5096999,3,"DEV",624,708,806,5093752,5093763,975,"ESACC",1,11,607.2,677,"Yes","Yes","Yes","No","No"
"103",1,78,3,22,5091017,5096999,4,"STD",806,960,1030,5094318,5094494,566,"EFIX",121,176,730,847.2,"Yes","Yes","Yes","No","No"
"104",1,19,2,23,5099495,5105604,1,"STD",190,288,386,5100108,5100111,NA,"ESACC",2,3,140.2,202.2,"Yes","Yes","Yes","No","No"
"105",1,19,2,23,5099495,5105604,2,"STD",386,498,568,5101517,5101522,1409,"ESACC",2,5,353.8,412.8,"Yes","Yes","Yes","No","No"
"106",1,19,2,23,5099495,5105604,3,"STD",568,680,736,5102727,5102735,1210,"ESACC",NA,8,528.6,604.7,"Yes","Yes","Yes","No","No"
"107",1,19,2,23,5099495,5105604,4,"STD",736,848,932,5103385,5103387,658,"ESACC",2,2,679.9,754.8,"Yes","Yes","Yes","No","No"
"108",1,19,2,23,5099495,5105604,5,"STD",932,1016,1920,5103992,5104264,607,"EFIX",NA,272,865.1,934.7,"Yes","Yes","Yes","No","No"
"109",1,60,3,24,5107956,5112902,1,"STD",274,372,400,5108747,5108756,NA,"ESACC",1,9,155.8,307.4,"Yes","Yes","Yes","No","No"
"110",1,60,3,24,5107956,5112902,2,"STD",400,498,540,5109480,5109489,733,"ESACC",2,9,390,448.7,"No","Yes","Yes","No","No"
"111",1,60,3,24,5107956,5112902,3,"STD",540,624,708,5110040,5110287,560,"EFIX",28,247,539.4,640.4,"No","No","Yes","No","No"
"112",1,60,3,24,5107956,5112902,4,"STD",708,792,890,5110552,5110555,512,"ESACC",16,3,736.7,833.2,"No","No","Yes","No","No"
"113",1,60,3,24,5107956,5112902,5,"DEV",890,1016,1920,5111065,5111066,513,"ESACC",27,1,931.8,1078.3,"No","No","Yes","No","No"
"114",1,77,3,25,5114408,5119829,1,"STD",190,288,344,5114877,5114880,NA,"ESACC",1,3,104.5,209,"Yes","Yes","Yes","No","No"
"115",1,77,3,25,5114408,5119829,2,"DEV",344,428,470,5115666,5115675,789,"ESACC",2,9,321.9,401.6,"Yes","Yes","Yes","No","No"
"116",1,77,3,25,5114408,5119829,3,"STD",470,568,624,5116165,5116321,499,"EFIX",330,156,401.6,476.3,"Yes","Yes","Yes","No","No"
"117",1,77,3,25,5114408,5119829,4,"STD",624,750,820,5117107,5117111,942,"ESACC",2,4,572.8,646.6,"Yes","Yes","Yes","No","No"
"118",1,77,3,25,5114408,5119829,5,"STD",820,918,1920,5117817,5117821,710,"ESACC",2,4,753.2,838.8,"Yes","Yes","Yes","No","No"
"119",1,63,3,26,5121141,5126366,1,"STD",218,330,386,5121832,5121836,NA,"ESACC",1,4,124.1,250.7,"Yes","Yes","Yes","No","No"
"120",1,63,3,26,5121141,5126366,2,"STD",386,484,526,5122584,5122584,752,"EFIX",1,0,332.5,389.4,"Yes","Yes","Yes","No","No"
"121",1,63,3,26,5121141,5126366,3,"STD",526,694,750,5123374,5123384,790,"ESACC",2,10,485.2,592.8,"Yes","Yes","Yes","No","No"
"122",1,63,3,26,5121141,5126366,4,"DEV",750,862,960,5124086,5124093,712,"ESACC",2,7,688.5,790.3,"Yes","Yes","Yes","No","No"
"123",1,63,3,26,5121141,5126366,5,"STD",960,1086,1920,5124629,5124636,543,"ESACC",3,7,898.1,1014,"Yes","Yes","Yes","No","Yes"
"124",1,55,3,27,5128292,5134513,1,"STD",246,344,400,5128961,5128964,NA,"ESACC",1,3,106.2,282.3,"Yes","Yes","Yes","No","No"
"125",1,55,3,27,5128292,5134513,2,"STD",400,512,554,5129801,5129805,840,"ESACC",1,4,339.5,426.5,"Yes","Yes","Yes","No","No"
"126",1,55,3,27,5128292,5134513,3,"STD",554,624,722,5130560,5130564,759,"ESACC",1,4,517.6,567.3,"Yes","Yes","Yes","No","No"
"127",1,55,3,27,5128292,5134513,4,"DEV",722,848,904,5131120,5131415,560,"EFIX",79,295,630.6,753.8,"Yes","Yes","Yes","No","No"
"128",1,55,3,27,5128292,5134513,5,"STD",904,1030,1920,5131653,5131667,533,"ESACC",2,14,895.1,978.8,"No","Yes","Yes","No","No"
"129",1,11,2,28,5135899,5141042,1,"STD",218,344,400,5136586,5136593,NA,"ESACC",1,7,106.3,244.6,"Yes","Yes","Yes","No","No"
"130",1,11,2,28,5135899,5141042,2,"STD",400,498,610,5137482,5137488,896,"ESACC",1,6,371.2,422.9,"Yes","Yes","Yes","No","No"
"131",1,11,2,28,5135899,5141042,3,"STD",610,694,750,5138267,5138550,785,"EFIX",NA,283,522.3,608.3,"Yes","No","Yes","Yes","No"
"132",1,11,2,28,5135899,5141042,4,"STD",750,848,904,5139137,5139145,870,"ESACC",2,8,726.1,799.1,"Yes","Yes","Yes","No","No"
"133",1,11,2,28,5135899,5141042,5,"STD",904,1002,1920,5139653,NA,516,"EFIX",118,NA,886.9,924.3,"Yes","Yes","Yes","No","Yes"
"134",1,64,3,29,5146451,5151546,1,"STD",274,386,456,5147223,5147227,NA,"ESACC",1,4,137.4,313.2,"Yes","Yes","Yes","No","No"
"135",1,64,3,29,5146451,5151546,2,"STD",456,568,638,5147761,5148053,538,"EFIX",69,292,414.6,490.2,"Yes","Yes","Yes","No","No"
"136",1,64,3,29,5146451,5151546,3,"STD",638,736,890,5148277,5148281,516,"ESACC",2,4,590,661.7,"Yes","Yes","Yes","No","No"
"137",1,64,3,29,5146451,5151546,4,"STD",890,960,1016,5148955,5148970,678,"ESACC",2,15,765.3,955.2,"Yes","Yes","Yes","No","No"
"138",1,64,3,29,5146451,5151546,5,"DEV",1016,1128,1920,5149468,5150323,513,"ESACC",11,855,925.4,1039.1,"Yes","Yes","Yes","No","Yes"
"139",1,54,3,30,5153059,5160004,1,"STD",260,386,442,5154339,5154344,NA,"ESACC",1,5,182.6,285.6,"Yes","Yes","Yes","No","No"
"140",1,54,3,30,5153059,5160004,2,"STD",442,540,582,5155783,5155787,1444,"ESACC",2,4,387.8,450,"Yes","Yes","Yes","No","No"
"141",1,54,3,30,5153059,5160004,3,"DEV",582,680,736,5156662,5157160,879,"EFIX",NA,498,455.6,576.3,"Yes","No","Yes","Yes","No"
"142",1,54,3,30,5153059,5160004,4,"STD",736,834,890,5158284,5158288,1622,"ESACC",2,4,678.2,759.7,"Yes","Yes","Yes","No","No"
"143",1,54,3,30,5153059,5160004,5,"STD",890,1002,1920,5158797,5158806,513,"ESACC",2,9,866.9,946.3,"Yes","Yes","Yes","No","No"
"144",1,4,2,31,5161629,5167101,1,"STD",316,414,470,5162525,5162526,NA,"ESACC",NA,1,183.7,326,"Yes","Yes","Yes","No","No"
"145",1,4,2,31,5161629,5167101,2,"STD",470,582,708,5164072,5164078,1547,"ESACC",1,6,437.5,503.8,"Yes","Yes","Yes","No","No"
"146",1,4,2,31,5161629,5167101,3,"STD",708,778,834,5164673,5164675,601,"ESACC",1,2,591.3,713,"Yes","Yes","Yes","No","No"
"147",1,4,2,31,5161629,5167101,4,"STD",834,946,1002,5165231,5165238,558,"ESACC",2,7,794.8,880.8,"Yes","Yes","Yes","No","No"
"148",1,43,3,32,5171792,5179536,1,"STD",204,316,442,5172586,5172593,NA,"ESACC",1,7,148.5,240.3,"Yes","Yes","Yes","No","No"
"149",1,43,3,32,5171792,5179536,2,"STD",442,526,596,5174517,5174517,1931,"EFIX",2,0,380.7,457.3,"Yes","Yes","Yes","No","No"
"150",1,43,3,32,5171792,5179536,3,"STD",596,750,904,5175070,5175375,553,"EFIX",26,305,531.3,615.6,"Yes","Yes","Yes","No","No"
"151",1,43,3,32,5171792,5179536,4,"DEV",904,1016,1086,5175838,5178501,768,"ESACC",2,2663,785.2,1300.9,"Yes","No","No","No","Yes"
"152",1,43,3,32,5171792,5179536,5,"STD",1086,1184,1920,5178496,5178501,2658,"ESACC",NA,5,785.2,1300.9,"Yes","No","Yes","No","No"
"153",1,76,3,33,5183090,5191031,1,"STD",204,330,470,5183906,5183912,NA,"ESACC",2,6,103.6,251,"Yes","Yes","Yes","No","No"
"154",1,76,3,33,5183090,5191031,2,"STD",470,638,708,5185163,5185169,1257,"ESACC",1,6,359.8,487.8,"Yes","Yes","Yes","No","No"
"155",1,76,3,33,5183090,5191031,3,"STD",708,820,960,5186078,5186080,915,"ESACC",2,2,659.8,723.3,"Yes","Yes","Yes","No","No"
"156",1,76,3,33,5183090,5191031,4,"STD",960,1114,1156,5188401,5188406,2323,"ESACC",NA,5,858.4,1411.4,"Yes","No","No","No","Yes"
"157",1,76,3,33,5183090,5191031,5,"DEV",1156,1296,1920,5188895,5189198,494,"EFIX",236,303,1411.4,1451.5,"No","No","Yes","No","Yes"
"158",1,8,2,34,5192307,5198138,1,"STD",190,302,372,5193241,5193249,NA,"ESACC",2,8,126,226.7,"Yes","Yes","Yes","No","No"
"159",1,8,2,34,5192307,5198138,2,"STD",372,456,512,5194055,5194059,814,"ESACC",1,4,302.2,369.7,"Yes","No","Yes","Yes","No"
"160",1,8,2,34,5192307,5198138,3,"STD",512,680,806,5195146,5195150,1091,"ESACC",2,4,459,539.8,"Yes","Yes","Yes","No","No"
"161",1,8,2,34,5192307,5198138,4,"STD",806,918,946,5196106,5196126,960,"ESACC",1,20,685.5,875,"Yes","Yes","Yes","No","No"
"162",1,8,2,34,5192307,5198138,5,"STD",946,1044,1920,5196661,5198082,555,"EFIX",164,1421,875,964.3,"Yes","Yes","Yes","No","Yes"
"163",1,79,3,35,5202147,5208844,1,"STD",204,316,442,5202886,5202887,NA,"ESACC",1,1,81.7,198.5,"Yes","No","Yes","Yes","No"
"164",1,79,3,35,5202147,5208844,2,"STD",442,512,624,5204069,5204074,1183,"ESACC",2,5,352.7,453.3,"Yes","Yes","Yes","No","No"
"165",1,79,3,35,5202147,5208844,3,"STD",624,736,792,5204814,5204815,745,"ESACC",NA,1,532.5,640.3,"Yes","Yes","Yes","No","No"
"166",1,79,3,35,5202147,5208844,4,"DEV",792,876,1030,5205592,5205597,778,"ESACC",2,5,764.8,816,"Yes","Yes","Yes","No","No"
"167",1,79,3,35,5202147,5208844,5,"STD",1030,1142,1920,5206658,5207167,1066,"EFIX",NA,509,903.1,1022.6,"Yes","No","Yes","Yes","Yes"
"168",1,49,3,36,5210804,5219169,1,"STD",260,442,498,5211859,5211863,NA,"ESACC",2,4,198.5,289.5,"Yes","Yes","Yes","No","No"
"169",1,49,3,36,5210804,5219169,2,"DEV",498,596,694,5213768,5213782,1909,"ESACC",2,14,480.7,594.3,"Yes","Yes","Yes","No","No"
"170",1,49,3,36,5210804,5219169,3,"STD",694,792,862,5215036,5215037,1268,"ESACC",3,1,608.2,693.3,"Yes","No","Yes","Yes","No"
"171",1,49,3,36,5210804,5219169,4,"STD",862,988,1030,5215966,5215977,930,"ESACC",1,11,840.7,924.1,"Yes","Yes","Yes","No","No"
"172",1,49,3,36,5210804,5219169,5,"STD",1030,1100,1920,5216653,5216653,687,"EFIX",3,0,988.9,1036,"Yes","Yes","Yes","No","No"
"173",1,10,2,37,5222714,5229386,1,"STD",218,344,470,5224642,5224650,NA,"ESACC",2,8,188.4,255.5,"Yes","Yes","Yes","No","Yes"
"174",1,10,2,37,5222714,5229386,2,"STD",470,610,652,5225688,5225694,1046,"ESACC",1,6,374.2,490.5,"Yes","Yes","Yes","No","No"
"175",1,10,2,37,5222714,5229386,3,"STD",652,722,778,5226665,5226667,977,"ESACC",2,2,589.9,668.7,"Yes","Yes","Yes","No","No"
"176",1,10,2,37,5222714,5229386,4,"STD",778,848,932,5227244,5227253,579,"ESACC",2,9,752.9,837.9,"Yes","Yes","Yes","No","No"
"177",1,10,2,37,5222714,5229386,5,"STD",932,1030,1920,5227810,5229310,566,"EFIX",88,1500,903.3,985.3,"Yes","Yes","Yes","No","Yes"
"178",1,6,2,38,5234653,5240761,1,"STD",218,330,386,5235415,5235422,NA,"ESACC",1,7,161.9,257.9,"Yes","Yes","Yes","No","No"
"179",1,6,2,38,5234653,5240761,2,"STD",386,484,554,5236267,5236270,852,"ESACC",2,3,323,378.7,"Yes","No","Yes","Yes","No"
"180",1,6,2,38,5234653,5240761,3,"STD",554,694,750,5237203,5237205,936,"ESACC",3,2,503.8,569.2,"Yes","Yes","Yes","No","No"
"181",1,6,2,38,5234653,5240761,4,"STD",750,890,974,5238086,5238092,883,"ESACC",2,6,711.5,781.2,"Yes","Yes","Yes","No","No"
"182",1,6,2,38,5234653,5240761,5,"STD",974,1086,1920,5239000,5239003,914,"ESACC",2,3,905.6,990.6,"Yes","Yes","Yes","No","Yes"
"183",1,23,2,39,5243995,5251067,1,"STD",232,330,414,5245003,5245011,NA,"ESACC",2,8,193.9,274,"Yes","Yes","Yes","No","No"
"184",1,23,2,39,5243995,5251067,2,"STD",414,512,610,5246095,5246102,1092,"ESACC",2,7,366.5,446.1,"Yes","Yes","Yes","No","No"
"185",1,23,2,39,5243995,5251067,3,"STD",610,778,820,5246968,5247366,873,"EFIX",NA,398,458.9,604.6,"Yes","No","Yes","Yes","No"
"186",1,23,2,39,5243995,5251067,4,"STD",820,974,1058,5247541,5247543,573,"ESACC",2,2,699.8,814.1,"Yes","No","Yes","Yes","No"
"187",1,23,2,39,5243995,5251067,5,"STD",1058,1212,1920,5248874,5248916,1333,"ESACC",NA,42,988,1241.4,"Yes","No","Yes","No","No"
"188",1,16,2,40,5253126,5258534,1,"STD",176,260,316,5253786,5253798,NA,"ESACC",1,12,156.9,229.4,"Yes","Yes","Yes","No","No"
"189",1,16,2,40,5253126,5258534,2,"STD",316,484,540,5254867,5254877,1081,"ESACC",2,10,300.1,364.6,"Yes","Yes","Yes","No","No"
"190",1,16,2,40,5253126,5258534,3,"STD",540,666,792,5255970,5255979,1103,"ESACC",1,9,487.4,607.6,"Yes","Yes","Yes","No","No"
"191",1,16,2,40,5253126,5258534,4,"STD",792,862,918,5256484,5256767,514,"EFIX",14,283,690.7,797.6,"Yes","Yes","Yes","No","No"
"192",1,16,2,40,5253126,5258534,5,"STD",918,1002,1920,5256996,5258051,512,"EFIX",45,1055,904.9,959.3,"No","Yes","Yes","No","Yes"
"193",1,31,2,41,5260222,5268440,1,"STD",260,358,400,5262166,5262167,NA,"ESACC",2,1,179.3,263.2,"Yes","Yes","Yes","No","No"
"194",1,31,2,41,5260222,5268440,2,"STD",400,484,568,5263169,5263169,1003,"EFIX",2,0,307.5,384.9,"Yes","No","No","Yes","No"
"195",1,31,2,41,5260222,5268440,3,"STD",568,694,750,5264140,5264140,971,"EFIX",2,0,485.2,577.1,"Yes","Yes","Yes","No","No"
"196",1,31,2,41,5260222,5268440,4,"STD",750,876,1044,5264758,5264762,618,"ESACC",2,4,682.8,772.4,"Yes","Yes","Yes","No","No"
"197",1,31,2,41,5260222,5268440,5,"STD",1044,1128,1920,5266372,5267293,1614,"ESACC",NA,921,918.9,1218.4,"Yes","No","Yes","No","No"
"198",1,50,3,42,5270206,5274447,1,"STD",218,288,386,5270923,5270932,NA,"ESACC",1,9,153.9,272.3,"Yes","Yes","Yes","No","No"
"199",1,50,3,42,5270206,5274447,2,"STD",386,470,526,5271653,5271949,730,"EFIX",NA,296,316.9,390.3,"Yes","Yes","Yes","No","No"
"200",1,50,3,42,5270206,5274447,3,"DEV",526,666,708,5272207,5272222,554,"ESACC",2,15,514.4,655.4,"No","Yes","Yes","No","No"
"201",1,50,3,42,5270206,5274447,4,"STD",708,806,862,5272764,5273152,557,"EFIX",58,388,844.4,941.6,"No","No","No","No","No"
"202",1,50,3,42,5270206,5274447,5,"STD",862,988,1920,5273296,5273304,532,"ESACC",13,8,876.8,779.2,"No","No","No","Yes","Yes"
"203",1,37,2,43,5278323,5284434,1,"STD",246,344,386,5279275,5279277,NA,"ESACC",1,2,166.8,255.1,"Yes","Yes","Yes","No","Yes"
"204",1,37,2,43,5278323,5284434,2,"STD",386,484,526,5280766,5281060,1491,"EFIX",NA,294,249,376.6,"Yes","No","Yes","Yes","Yes"
"205",1,37,2,43,5278323,5284434,3,"STD",526,610,694,5281599,5281599,833,"EFIX",1,0,445.2,532.4,"Yes","Yes","Yes","No","No"
"206",1,37,2,43,5278323,5284434,4,"STD",694,834,890,5282398,5282789,799,"EFIX",NA,391,591.4,703.4,"Yes","Yes","Yes","No","No"
"207",1,37,2,43,5278323,5284434,5,"STD",890,1016,1920,5283068,NA,670,"EFIX",2,NA,862.5,NA,"Yes","Yes","Yes","No","Yes"
"208",1,36,2,44,5286003,5291252,1,"STD",190,274,330,5286450,5286455,NA,"ESACC",1,5,104.7,200.1,"Yes","Yes","Yes","No","No"
"209",1,36,2,44,5286003,5291252,2,"STD",330,414,470,5288193,5288203,1743,"ESACC",1,10,303.5,398.5,"Yes","Yes","Yes","No","No"
"210",1,36,2,44,5286003,5291252,3,"STD",470,610,694,5288940,5288947,747,"ESACC",1,7,446.5,497.6,"Yes","Yes","Yes","No","No"
"211",1,36,2,44,5286003,5291252,4,"STD",694,890,946,5289502,5289502,562,"EFIX",3,0,599.8,712.4,"Yes","Yes","Yes","No","No"
"212",1,9,2,45,5292559,5300127,1,"STD",302,372,400,5293911,5293913,NA,"ESACC",1,2,228,305.8,"Yes","Yes","Yes","No","No"
"213",1,9,2,45,5292559,5300127,2,"STD",400,484,596,5295143,5295149,1232,"ESACC",3,6,319,409.5,"Yes","Yes","Yes","No","No"
"214",1,9,2,45,5292559,5300127,3,"STD",596,750,806,5296796,5297197,1653,"EFIX",NA,401,490.2,597.9,"Yes","Yes","Yes","No","No"
"215",1,9,2,45,5292559,5300127,4,"STD",806,918,988,5297750,5297763,954,"ESACC",2,13,763.2,932,"Yes","No","Yes","No","No"
"216",1,52,3,46,5303781,5311742,1,"STD",218,358,400,5305673,5305683,NA,"ESACC",1,10,159.3,278.2,"Yes","Yes","Yes","No","No"
"217",1,52,3,46,5303781,5311742,2,"STD",400,512,554,5306767,5306780,1094,"ESACC",1,13,388.8,468.4,"No","Yes","Yes","No","No"
"218",1,52,3,46,5303781,5311742,3,"STD",554,708,820,5307602,5307611,835,"ESACC",1,9,518.3,636.2,"Yes","Yes","Yes","No","No"
"219",1,52,3,46,5303781,5311742,4,"STD",820,918,974,5308366,5308367,764,"ESACC",1,1,738.7,815.4,"Yes","No","Yes","Yes","No"
"220",1,52,3,46,5303781,5311742,5,"DEV",974,1058,1920,5309211,5309263,845,"ESACC",2,52,944.6,1014.8,"Yes","Yes","Yes","No","Yes"
"221",1,24,2,47,5315661,5323078,1,"STD",232,344,428,5316997,5316998,NA,"ESACC",2,1,161.3,232,"Yes","Yes","Yes","Yes","No"
"222",1,24,2,47,5315661,5323078,2,"STD",428,526,708,5318093,5318521,1096,"EFIX",NA,428,354,433,"Yes","Yes","Yes","No","No"
"223",1,24,2,47,5315661,5323078,3,"STD",708,848,932,5319111,5319120,1018,"ESACC",2,9,573.9,739.9,"Yes","Yes","Yes","No","No"
"224",1,24,2,47,5315661,5323078,4,"STD",932,1016,1156,5319819,5319822,708,"ESACC",2,3,879.9,945.2,"Yes","Yes","Yes","No","Yes"
"225",1,24,2,47,5315661,5323078,5,"STD",1156,1268,1920,5321446,5321451,1627,"ESACC",NA,5,945.2,1477.3,"Yes","No","Yes","No","No"
"226",1,61,3,48,5324483,5334704,1,"STD",232,316,372,5327050,5327056,NA,"ESACC",1,6,159.3,247.8,"Yes","Yes","Yes","No","Yes"
"227",1,61,3,48,5324483,5334704,2,"DEV",372,456,512,5329314,5329318,2264,"ESACC",2,4,333.7,389.2,"Yes","Yes","Yes","No","No"
"228",1,61,3,48,5324483,5334704,3,"STD",512,652,694,5330810,5330818,1496,"ESACC",2,8,485.5,554.3,"Yes","Yes","Yes","No","No"
"229",1,61,3,48,5324483,5334704,4,"STD",694,820,932,5332770,5332779,1960,"ESACC",2,9,639.7,748.6,"Yes","Yes","Yes","No","No"
"230",1,61,3,48,5324483,5334704,5,"STD",932,1030,1920,5333413,5333414,643,"ESACC",2,1,850.8,948.7,"Yes","Yes","Yes","No","Yes"
"231",1,80,3,49,5336009,5342111,1,"STD",190,260,344,5336682,5336688,NA,"ESACC",1,6,123.1,203.7,"Yes","Yes","Yes","No","No"
"232",1,80,3,49,5336009,5342111,2,"STD",344,442,512,5337851,5337858,1169,"ESACC",2,7,312.4,364.1,"Yes","Yes","Yes","No","No"
"233",1,80,3,49,5336009,5342111,3,"STD",512,666,708,5338810,5338813,959,"ESACC",1,3,437.4,532.1,"Yes","Yes","Yes","No","No"
"234",1,80,3,49,5336009,5342111,4,"STD",708,778,820,5339397,5339405,587,"ESACC",2,8,658.4,744.9,"Yes","Yes","Yes","No","No"
"235",1,80,3,49,5336009,5342111,5,"DEV",820,918,1920,5339990,5340005,593,"ESACC",2,15,806.9,919.2,"No","No","Yes","No","No"
"236",1,47,3,50,5343384,5347968,1,"STD",176,274,330,5344210,5344218,NA,"ESACC",3,8,147.8,217.1,"Yes","Yes","Yes","No","No"
"237",1,47,3,50,5343384,5347968,2,"STD",330,442,554,5344745,5344755,535,"ESACC",1,10,301.4,355.2,"Yes","Yes","Yes","No","No"
"238",1,47,3,50,5343384,5347968,3,"STD",554,694,750,5345645,5345652,900,"ESACC",2,7,530.6,596.2,"Yes","Yes","Yes","No","No"
"239",1,47,3,50,5343384,5347968,4,"DEV",750,862,904,5346176,5346298,531,"EFIX",197,122,596.2,748.6,"Yes","No","Yes","Yes","No"
"240",1,47,3,50,5343384,5347968,5,"STD",904,974,1920,5346669,5346986,493,"EFIX",76,317,878.5,934.1,"Yes","Yes","Yes","No","No"
"241",1,59,3,51,5351566,5356934,1,"STD",190,288,344,5352338,5352344,NA,"ESACC",1,6,149.8,217.8,"Yes","Yes","Yes","No","No"
"242",1,59,3,51,5351566,5356934,2,"STD",344,512,596,5353367,5353375,1029,"ESACC",2,8,304.6,380.5,"Yes","Yes","Yes","No","No"
"243",1,59,3,51,5351566,5356934,3,"STD",596,680,750,5354246,5354247,879,"ESACC",1,1,554.4,595.2,"Yes","No","Yes","Yes","No"
"244",1,59,3,51,5351566,5356934,4,"DEV",750,876,918,5354841,5354846,595,"ESACC",2,5,680,768.9,"Yes","Yes","Yes","No","No"
"245",1,59,3,51,5351566,5356934,5,"STD",918,1030,1920,5355373,5355697,532,"EFIX",NA,324,768.9,923.2,"Yes","Yes","Yes","No","No"
"246",1,72,3,52,5358431,5365002,1,"STD",162,288,400,5359016,5359024,NA,"ESACC",2,8,99.5,196.6,"Yes","Yes","Yes","No","No"
"247",1,72,3,52,5358431,5365002,2,"STD",400,526,568,5360024,5360026,1008,"ESACC",2,2,320.1,417.8,"Yes","Yes","Yes","No","No"
"248",1,72,3,52,5358431,5365002,3,"STD",568,666,736,5360888,5360900,864,"ESACC",2,12,547.1,641.5,"Yes","Yes","Yes","No","No"
"249",1,72,3,52,5358431,5365002,4,"STD",736,806,862,5361876,5362175,988,"EFIX",2,299,658.1,740.5,"Yes","Yes","Yes","No","No"
"250",1,72,3,52,5358431,5365002,5,"DEV",862,974,1920,5362506,5362511,630,"ESACC",2,5,831.1,887.5,"Yes","Yes","Yes","No","No"
"251",1,20,2,53,5367144,5373869,1,"STD",162,246,302,5367785,5367794,NA,"ESACC",3,9,128.3,210.2,"Yes","Yes","Yes","No","No"
"252",1,20,2,53,5367144,5373869,2,"STD",302,456,554,5368498,5368506,713,"ESACC",1,8,267.4,345,"Yes","Yes","Yes","No","No"
"253",1,20,2,53,5367144,5373869,3,"STD",554,638,708,5369558,5369568,1060,"ESACC",2,10,530,611.1,"Yes","Yes","Yes","No","No"
"254",1,20,2,53,5367144,5373869,4,"STD",708,834,974,5370447,5370450,889,"ESACC",3,3,634.3,728.4,"Yes","Yes","Yes","No","No"
"255",1,20,2,53,5367144,5373869,5,"STD",974,1072,1920,5371420,5371678,973,"EFIX",NA,258,870,967.1,"Yes","No","Yes","Yes","Yes"
"256",1,26,2,54,5375782,5383474,1,"STD",218,372,442,5376840,5376843,NA,"ESACC",2,3,116.9,241.3,"Yes","Yes","Yes","No","No"
"257",1,26,2,54,5375782,5383474,2,"STD",442,554,610,5378020,5378025,1180,"ESACC",3,5,404.4,469.6,"Yes","Yes","Yes","No","No"
"258",1,26,2,54,5375782,5383474,3,"STD",610,694,806,5379595,5379596,1575,"ESACC",2,1,571.7,608.9,"Yes","No","Yes","Yes","No"
"259",1,26,2,54,5375782,5383474,4,"STD",806,904,974,5380648,5380651,1053,"ESACC",1,3,711.4,822.2,"Yes","Yes","Yes","No","No"
"260",1,26,2,54,5375782,5383474,5,"STD",974,1100,1920,5381335,5381360,687,"ESACC",2,25,913.6,1004.5,"Yes","Yes","Yes","No","Yes"
"261",1,17,2,55,5385360,5391432,1,"STD",218,330,386,5386118,5386127,NA,"ESACC",1,9,187.7,259.2,"Yes","Yes","Yes","No","No"
"262",1,17,2,55,5385360,5391432,2,"STD",386,582,624,5386876,5386883,758,"ESACC",2,7,329.9,430.9,"Yes","Yes","Yes","No","No"
"263",1,17,2,55,5385360,5391432,3,"STD",624,792,848,5387915,5387915,1039,"EFIX",2,0,563.1,635.7,"Yes","Yes","Yes","No","No"
"264",1,17,2,55,5385360,5391432,4,"STD",848,988,1044,5388862,5388869,947,"ESACC",2,7,809.7,891.6,"Yes","Yes","Yes","No","Yes"
"265",1,67,3,56,5394466,5401497,1,"STD",260,344,386,5395697,5395892,NA,"EFIX",NA,195,154.9,258.6,"Yes","No","Yes","Yes","No"
"266",1,67,3,56,5394466,5401497,2,"STD",386,498,554,5396788,5396794,1091,"ESACC",1,6,367.7,411.2,"Yes","Yes","Yes","No","No"
"267",1,67,3,56,5394466,5401497,3,"STD",554,680,722,5397646,5397942,858,"EFIX",NA,296,491.8,550.7,"Yes","No","Yes","Yes","No"
"268",1,67,3,56,5394466,5401497,4,"DEV",722,806,890,5398424,5398433,778,"ESACC",2,9,686.7,773.5,"Yes","Yes","Yes","No","No"
"269",1,67,3,56,5394466,5401497,5,"STD",890,1044,1920,5398982,5399331,558,"EFIX",20,349,829.9,927.6,"Yes","Yes","Yes","No","Yes"
"270",1,53,3,57,5402896,5409574,1,"STD",162,260,386,5404011,5404016,NA,"ESACC",NA,5,122,178.9,"Yes","Yes","Yes","No","No"
"271",1,53,3,57,5402896,5409574,2,"DEV",386,498,610,5405257,5405259,1246,"ESACC",2,2,304.3,392.3,"Yes","Yes","Yes","No","No"
"272",1,53,3,57,5402896,5409574,3,"STD",610,722,778,5407166,5407175,1909,"ESACC",2,9,599.5,659.9,"No","Yes","Yes","No","No"
"273",1,53,3,57,5402896,5409574,4,"STD",778,890,918,5407707,5407927,541,"EFIX",91,220,725.3,789.7,"Yes","Yes","Yes","No","No"
"274",1,53,3,57,5402896,5409574,5,"STD",918,1002,1920,5408219,5408587,512,"EFIX",21,368,891.5,956.6,"Yes","Yes","Yes","No","No"
"275",1,66,3,58,5418706,5424018,1,"STD",204,288,344,5419582,5419585,NA,"ESACC",1,3,116.4,228,"Yes","Yes","Yes","No","No"
"276",1,66,3,58,5418706,5424018,2,"STD",344,456,568,5420166,5420176,584,"ESACC",1,10,317.9,373.3,"Yes","Yes","Yes","No","No"
"277",1,66,3,58,5418706,5424018,3,"DEV",568,652,722,5420679,5420681,513,"ESACC",NA,2,477.9,576.7,"Yes","Yes","Yes","No","No"
"278",1,66,3,58,5418706,5424018,4,"STD",722,834,890,5421471,5421481,792,"ESACC",1,10,682.2,791.4,"Yes","Yes","Yes","No","No"
"279",1,66,3,58,5418706,5424018,5,"STD",890,988,1920,5422598,5422601,1127,"ESACC",2,3,835.8,896.9,"Yes","Yes","Yes","No","No"
"280",1,12,2,59,5425384,5431095,1,"STD",204,330,456,5426012,5426016,NA,"ESACC",NA,4,109,221.4,"Yes","Yes","Yes","No","No"
"281",1,12,2,59,5425384,5431095,2,"STD",456,540,582,5427256,5427258,1244,"ESACC",1,2,358.5,452.2,"Yes","No","Yes","Yes","No"
"282",1,12,2,59,5425384,5431095,3,"STD",582,652,750,5428233,5428241,977,"ESACC",2,8,553,642.8,"Yes","Yes","Yes","No","No"
"283",1,12,2,59,5425384,5431095,4,"STD",750,848,904,5428786,5428930,553,"EFIX",229,144,642.8,750.9,"Yes","Yes","Yes","No","No"
"284",1,12,2,59,5425384,5431095,5,"STD",904,1044,1920,5429592,5429610,806,"ESACC",2,18,890.3,1066.6,"No","No","Yes","No","No"
"285",1,44,3,60,5437358,5443770,1,"STD",232,302,344,5437940,5437943,NA,"ESACC",1,3,100.4,232.1,"Yes","Yes","Yes","Yes","No"
"286",1,44,3,60,5437358,5443770,2,"STD",344,456,610,5438658,5438663,718,"ESACC",1,5,300.5,357.7,"Yes","Yes","Yes","No","No"
"287",1,44,3,60,5437358,5443770,3,"STD",610,722,778,5439313,5439314,655,"ESACC",1,1,477.8,612.5,"Yes","Yes","Yes","No","No"
"288",1,44,3,60,5437358,5443770,4,"STD",778,876,1002,5440515,5440523,1202,"ESACC",1,8,749.7,809.3,"Yes","Yes","Yes","No","No"
"289",1,44,3,60,5437358,5443770,5,"DEV",1002,1086,1920,5441075,5442244,560,"ESACC",119,1169,929.7,940.5,"Yes","No","No","Yes","Yes"
"290",1,30,2,61,5448101,5452277,1,"STD",218,288,386,5448981,5448987,NA,"ESACC",2,6,132,226.7,"Yes","Yes","Yes","No","No"
"291",1,30,2,61,5448101,5452277,2,"STD",386,498,554,5449989,5450001,1008,"ESACC",2,12,376.8,465.7,"No","Yes","Yes","No","No"
"292",1,30,2,61,5448101,5452277,3,"STD",554,624,722,5450548,5450768,559,"EFIX",106,220,528.2,611.1,"Yes","Yes","Yes","No","No"
"293",1,30,2,61,5448101,5452277,4,"STD",722,862,904,5451060,5451217,512,"EFIX",53,157,751.9,899.4,"No","No","Yes","No","No"
"294",1,56,3,62,5453995,5459334,1,"STD",232,344,442,5454914,5454923,NA,"ESACC",2,9,200.8,283,"Yes","Yes","Yes","No","No"
"295",1,56,3,62,5453995,5459334,2,"STD",442,540,610,5455683,5455689,769,"ESACC",1,6,354.2,468.9,"Yes","Yes","Yes","No","No"
"296",1,56,3,62,5453995,5459334,3,"STD",610,694,764,5456673,5456680,990,"ESACC",2,7,545.6,671.6,"Yes","Yes","Yes","No","No"
"297",1,56,3,62,5453995,5459334,4,"STD",764,848,890,5457280,5457568,607,"EFIX",NA,288,671.6,757.6,"Yes","No","Yes","Yes","No"
"298",1,56,3,62,5453995,5459334,5,"DEV",890,988,1920,5457811,5457818,531,"ESACC",2,7,860.9,930.2,"Yes","Yes","Yes","No","Yes"
"299",1,32,2,63,5461291,5469710,1,"STD",260,344,400,5463789,5463791,NA,"ESACC",2,2,219.3,269.5,"Yes","Yes","Yes","No","No"
"300",1,32,2,63,5461291,5469710,2,"STD",400,540,582,5465516,5465520,1727,"ESACC",2,4,356,417.4,"Yes","Yes","Yes","No","No"
"301",1,32,2,63,5461291,5469710,3,"STD",582,722,764,5466470,5466477,954,"ESACC",2,7,561.8,619.1,"Yes","Yes","Yes","No","No"
"302",1,32,2,63,5461291,5469710,4,"STD",764,890,946,5467018,5467295,548,"EFIX",12,277,737.8,788.5,"Yes","Yes","Yes","No","No"
"303",1,32,2,63,5461291,5469710,5,"STD",946,1058,1920,5467530,5467832,512,"EFIX",NA,302,874.4,943,"Yes","No","Yes","Yes","Yes"
"304",1,51,3,64,5471153,5478996,1,"STD",246,330,372,5472455,5472459,NA,"ESACC",2,4,145.2,253.5,"Yes","Yes","Yes","No","No"
"305",1,51,3,64,5471153,5478996,2,"STD",372,442,484,5473958,5473965,1503,"ESACC",2,7,357,412.8,"Yes","Yes","Yes","No","No"
"306",1,51,3,64,5471153,5478996,3,"STD",484,610,694,5474528,5474953,570,"EFIX",37,425,364.2,512.6,"Yes","Yes","Yes","No","No"
"307",1,51,3,64,5471153,5478996,4,"DEV",694,848,904,5475566,5475570,1038,"ESACC",2,4,651.3,716.9,"Yes","Yes","Yes","No","No"
"308",1,51,3,64,5471153,5478996,5,"STD",904,974,1920,5477170,5477177,1604,"ESACC",1,7,879.1,928.1,"Yes","Yes","Yes","No","No"
"309",1,45,3,65,5482784,5489722,1,"STD",274,386,470,5483893,5483898,NA,"ESACC",1,5,191.3,285.7,"Yes","Yes","Yes","No","No"
"310",1,45,3,65,5482784,5489722,2,"DEV",470,540,624,5485718,5485728,1825,"ESACC",2,10,459.9,542.6,"No","No","Yes","No","No"
"311",1,45,3,65,5482784,5489722,3,"STD",624,694,764,5486279,5486281,561,"ESACC",1,2,542.6,610.5,"Yes","No","Yes","Yes","No"
"312",1,45,3,65,5482784,5489722,4,"STD",764,890,960,5486953,5486954,674,"ESACC",2,1,688.5,762.3,"Yes","No","Yes","Yes","No"
"313",1,45,3,65,5482784,5489722,5,"STD",960,1044,1920,5487701,5487704,748,"ESACC",2,3,903.4,979.5,"Yes","Yes","Yes","No","Yes"
"314",1,41,3,66,5493916,5499388,1,"STD",190,288,344,5494768,5494776,NA,"ESACC",2,8,135.2,219,"Yes","Yes","Yes","No","No"
"315",1,41,3,66,5493916,5499388,2,"DEV",344,428,470,5495816,5495820,1048,"ESACC",2,4,324.3,356.9,"Yes","Yes","Yes","No","No"
"316",1,41,3,66,5493916,5499388,3,"STD",470,568,624,5496496,5496510,680,"ESACC",1,14,452.5,548.9,"Yes","Yes","Yes","No","No"
"317",1,41,3,66,5493916,5499388,4,"STD",624,680,764,5497450,5497710,954,"EFIX",3,260,568.2,623.5,"Yes","Yes","Yes","Yes","No"
"318",1,41,3,66,5493916,5499388,5,"STD",764,890,1920,5497997,5498263,547,"EFIX",39,266,682.7,778.8,"Yes","Yes","Yes","No","No"
"319",1,38,2,67,5503385,5508215,1,"STD",218,344,400,5504303,5504310,NA,"ESACC",2,7,148,263.4,"Yes","Yes","Yes","No","No"
"320",1,38,2,67,5503385,5508215,2,"STD",400,526,568,5505228,5505231,925,"ESACC",2,3,351.8,418.5,"Yes","Yes","Yes","No","No"
"321",1,38,2,67,5503385,5508215,3,"STD",568,694,792,5505858,5505863,630,"ESACC",2,5,528.9,590,"Yes","Yes","Yes","No","No"
"322",1,38,2,67,5503385,5508215,4,"STD",792,932,974,5506399,5506402,541,"ESACC",1,3,696.4,811.8,"Yes","Yes","Yes","No","No"
"323",1,38,2,67,5503385,5508215,5,"STD",974,1072,1920,5507076,5507081,677,"ESACC",2,5,906.7,1007.1,"Yes","Yes","Yes","No","Yes"
"324",1,25,2,68,5510100,5517731,1,"STD",190,316,372,5511729,5511735,NA,"ESACC",2,6,120.3,232,"Yes","Yes","Yes","No","No"
"325",1,25,2,68,5510100,5517731,2,"STD",372,470,540,5512453,5512458,724,"ESACC",2,5,312.2,383.4,"Yes","Yes","Yes","No","No"
"326",1,25,2,68,5510100,5517731,3,"STD",540,610,666,5513677,5513686,1224,"ESACC",2,9,528.3,576.6,"No","Yes","Yes","No","No"
"327",1,25,2,68,5510100,5517731,4,"STD",666,764,862,5514537,5514547,860,"ESACC",3,10,643.4,760.6,"Yes","Yes","Yes","No","No"
"328",1,25,2,68,5510100,5517731,5,"STD",862,988,1920,5515673,5515676,1136,"ESACC",2,3,781.8,883.7,"Yes","Yes","Yes","No","No"
"329",1,73,3,69,5519126,5525708,1,"STD",218,302,344,5519773,5519775,NA,"ESACC",1,2,105.4,222.5,"Yes","Yes","Yes","No","No"
"330",1,73,3,69,5519126,5525708,2,"DEV",344,428,498,5520383,5520388,610,"ESACC",2,5,313.2,364.7,"Yes","Yes","Yes","No","No"
"331",1,73,3,69,5519126,5525708,3,"STD",498,582,638,5520942,5520943,559,"ESACC",NA,1,447.7,490.9,"Yes","No","Yes","Yes","No"
"332",1,73,3,69,5519126,5525708,4,"STD",638,778,932,5522265,5522265,1323,"EFIX",3,0,564.3,635.4,"Yes","No","Yes","Yes","No"
"333",1,73,3,69,5519126,5525708,5,"STD",932,1086,1920,5523517,5523523,1252,"ESACC",2,6,898.2,964.9,"Yes","Yes","Yes","No","Yes"
"334",1,14,2,70,5527473,5532004,1,"STD",274,344,400,5528879,5528883,NA,"ESACC",2,4,190.5,286.2,"Yes","Yes","Yes","No","No"
"335",1,14,2,70,5527473,5532004,2,"STD",400,498,582,5529642,5529648,763,"ESACC",1,6,360.4,428.2,"Yes","Yes","Yes","No","No"
"336",1,14,2,70,5527473,5532004,3,"STD",582,652,708,5530359,5530481,717,"EFIX",NA,122,507.6,579,"Yes","No","Yes","Yes","No"
"337",1,14,2,70,5527473,5532004,4,"STD",708,834,890,5530852,5531011,493,"EFIX",163,159,648.5,722.8,"Yes","Yes","Yes","No","No"
"338",1,14,2,70,5527473,5532004,5,"STD",890,1002,1920,5531365,NA,513,"EFIX",22,NA,836.6,NA,"Yes","Yes","Yes","No","Yes"
"339",1,39,2,71,5533793,5539262,1,"STD",218,288,428,5534917,5534921,NA,"ESACC",2,4,154.9,217.6,"Yes","Yes","Yes","Yes","No"
"340",1,39,2,71,5533793,5539262,2,"STD",428,540,708,5535734,5535741,817,"ESACC",1,7,353.9,458.7,"Yes","Yes","Yes","No","No"
"341",1,39,2,71,5533793,5539262,3,"STD",708,848,960,5536528,5536841,794,"EFIX",NA,313,598.1,711.3,"Yes","Yes","Yes","No","No"
"342",1,39,2,71,5533793,5539262,4,"STD",960,1086,1142,5537339,5537346,811,"ESACC",2,7,914.9,1013.1,"Yes","Yes","Yes","No","Yes"
"343",1,39,2,71,5533793,5539262,5,"STD",1142,1226,1920,5537863,5538184,524,"ESACC",NA,321,1013.1,1292.3,"Yes","No","Yes","No","No"
"344",1,21,2,72,5540782,5547370,1,"STD",176,358,442,5542014,5542025,NA,"ESACC",1,11,132,232.5,"Yes","Yes","Yes","No","No"
"345",1,21,2,72,5540782,5547370,2,"STD",442,554,624,5544134,5544137,2120,"ESACC",3,3,369.3,471.3,"Yes","Yes","Yes","No","No"
"346",1,21,2,72,5540782,5547370,3,"STD",624,778,834,5544789,5544789,655,"EFIX",1,0,545.5,635.7,"Yes","Yes","Yes","No","No"
"347",1,21,2,72,5540782,5547370,4,"STD",834,974,1016,5545439,5545445,650,"ESACC",2,6,788.5,887.1,"Yes","Yes","Yes","No","Yes"
"348",1,48,3,73,5549054,5555567,1,"STD",204,330,386,5550076,5550082,NA,"ESACC",1,6,102.7,226.7,"Yes","Yes","Yes","No","No"
"349",1,48,3,73,5549054,5555567,2,"STD",386,498,554,5551607,5551613,1531,"ESACC",1,6,342.8,410.9,"Yes","Yes","Yes","No","No"
"350",1,48,3,73,5549054,5555567,3,"STD",554,708,750,5552571,5552577,964,"ESACC",2,6,497.4,598,"Yes","Yes","Yes","No","No"
"351",1,48,3,73,5549054,5555567,4,"STD",750,876,1016,5553148,5553152,577,"ESACC",2,4,708.9,776.9,"Yes","Yes","Yes","No","No"
"352",1,48,3,73,5549054,5555567,5,"DEV",1016,1114,1920,5553755,NA,607,"ESACC",NA,NA,906.6,NA,"Yes","Yes","Yes","No","Yes"
"353",1,7,2,74,5560489,5565352,1,"STD",176,288,344,5561381,5561390,NA,"ESACC",1,9,156.3,225.5,"Yes","Yes","Yes","No","No"
"354",1,7,2,74,5560489,5565352,2,"STD",344,428,540,5562194,5562201,813,"ESACC",2,7,310,404.6,"Yes","Yes","Yes","No","No"
"355",1,7,2,74,5560489,5565352,3,"STD",540,638,680,5562715,5563063,521,"EFIX",NA,348,442,551.4,"Yes","Yes","Yes","No","No"
"356",1,7,2,74,5560489,5565352,4,"STD",680,792,848,5563420,5563437,705,"ESACC",2,17,658.7,809.7,"Yes","No","Yes","No","No"
"357",1,7,2,74,5560489,5565352,5,"STD",848,960,1920,5563964,NA,544,"ESACC",163,NA,809.7,NA,"Yes","No","Yes","No","Yes"
"358",1,22,2,75,5589703,5596580,1,"STD",218,372,428,5590614,5590622,NA,"ESACC",2,8,144.9,254.5,"Yes","Yes","Yes","No","No"
"359",1,22,2,75,5589703,5596580,2,"STD",428,526,624,5591561,5591787,947,"EFIX",NA,226,280.9,419.5,"Yes","No","Yes","Yes","No"
"360",1,22,2,75,5589703,5596580,3,"STD",624,736,778,5592622,5592881,1061,"EFIX",NA,259,529.7,620.1,"Yes","No","Yes","Yes","No"
"361",1,22,2,75,5589703,5596580,4,"STD",778,904,946,5593172,5593179,550,"ESACC",2,7,737.1,822.9,"Yes","Yes","Yes","No","Yes"
"362",1,33,2,76,5597915,5603876,1,"STD",260,386,484,5599248,5599250,NA,"ESACC",1,2,144.3,281.7,"Yes","Yes","Yes","No","No"
"363",1,33,2,76,5597915,5603876,2,"STD",484,624,694,5600297,5600327,1049,"EFIX",NA,30,389.2,478,"Yes","No","Yes","Yes","No"
"364",1,33,2,76,5597915,5603876,3,"STD",694,792,890,5600997,5601008,700,"ESACC",2,11,643.9,784.6,"Yes","Yes","Yes","No","No"
"365",1,74,3,77,5605553,5614792,1,"STD",274,358,414,5608517,5608524,NA,"ESACC",1,7,160.1,285.6,"Yes","Yes","Yes","No","No"
"366",1,74,3,77,5605553,5614792,2,"STD",414,554,596,5609600,5609604,1083,"ESACC",2,4,369.5,437.3,"Yes","Yes","Yes","No","No"
"367",1,74,3,77,5605553,5614792,3,"DEV",596,694,778,5610247,5610247,647,"EFIX",3,0,536.2,611.3,"Yes","Yes","Yes","No","No"
"368",1,74,3,77,5605553,5614792,4,"STD",778,918,960,5610796,5611123,549,"EFIX",31,327,695.4,808.2,"Yes","Yes","Yes","No","No"
"369",1,74,3,77,5605553,5614792,5,"STD",960,1058,1920,5612336,5612343,1540,"ESACC",2,7,944.8,995.7,"Yes","Yes","Yes","No","Yes"
"370",1,34,2,78,5617587,5623490,1,"STD",162,260,316,5618412,5618420,NA,"ESACC",2,8,136.4,198.8,"Yes","Yes","Yes","No","No"
"371",1,34,2,78,5617587,5623490,2,"STD",316,442,484,5619563,5619571,1151,"ESACC",1,8,283.9,342.3,"Yes","Yes","Yes","No","No"
"372",1,34,2,78,5617587,5623490,3,"STD",484,582,694,5620340,5620589,777,"EFIX",NA,249,423.9,479.2,"Yes","No","Yes","Yes","No"
"373",1,34,2,78,5617587,5623490,4,"STD",694,848,904,5621255,5621256,915,"ESACC",1,1,599.1,717.6,"Yes","Yes","Yes","No","No"
"374",1,34,2,78,5617587,5623490,5,"STD",904,1016,1920,5621740,5621819,485,"EFIX",172,79,717.6,907.8,"Yes","Yes","Yes","No","Yes"
"375",1,42,3,79,5626325,5633145,1,"STD",302,372,428,5628156,5628163,NA,"ESACC",2,7,269.8,322,"Yes","Yes","Yes","No","No"
"376",1,42,3,79,5626325,5633145,2,"STD",428,568,652,5629342,5629347,1186,"ESACC",2,5,381.2,450,"Yes","Yes","Yes","No","No"
"377",1,42,3,79,5626325,5633145,3,"DEV",652,764,806,5630509,5630518,1167,"ESACC",2,9,594.2,732.2,"Yes","Yes","Yes","No","No"
"378",1,42,3,79,5626325,5633145,4,"STD",806,904,1002,5631064,5631074,555,"ESACC",3,10,788.4,884.9,"Yes","Yes","Yes","No","No"
"379",1,69,3,80,5636590,5641592,1,"STD",218,330,386,5637403,5637414,NA,"ESACC",1,11,184.3,311.2,"Yes","Yes","Yes","No","No"
"380",1,69,3,80,5636590,5641592,2,"DEV",386,456,512,5638013,5638181,610,"EFIX",NA,168,259.7,377.3,"Yes","No","Yes","Yes","No"
"381",1,69,3,80,5636590,5641592,3,"STD",512,610,666,5638716,5638717,703,"ESACC",2,1,468.3,515.2,"Yes","Yes","Yes","No","No"
"382",1,69,3,80,5636590,5641592,4,"STD",666,792,904,5639919,5639922,1203,"ESACC",2,3,612.5,717.6,"Yes","Yes","Yes","No","No"
"383",1,69,3,80,5636590,5641592,5,"STD",904,1016,1920,5640473,NA,554,"EFIX",NA,NA,807.3,899.2,"Yes","No","Yes","Yes","Yes"
"384",1,115,1,81,5643297,5653687,1,NA,302,386,484,5645510,5645515,NA,"ESACC",2,5,257.7,315.4,"Yes","Yes","Yes","No","No"
"385",1,115,1,81,5643297,5653687,2,NA,484,610,708,5646700,5647011,1190,"EFIX",NA,311,382.7,478,"Yes","No","Yes","Yes","No"
"386",1,115,1,81,5643297,5653687,3,NA,708,820,890,5651783,5652129,5083,"EFIX",NA,346,619.2,722.7,"Yes","Yes","Yes","No","No"
"387",1,115,1,81,5643297,5653687,4,NA,890,960,1072,5652508,5652514,725,"ESACC",NA,6,823.8,909.6,"Yes","Yes","Yes","No","Yes"
"388",1,119,1,82,5655069,5659713,1,NA,218,288,344,5655876,5655879,NA,"ESACC",2,3,136.9,232.5,"Yes","Yes","Yes","No","No"
"389",1,119,1,82,5655069,5659713,2,NA,344,442,568,5656529,5656535,653,"ESACC",1,6,301.6,359.1,"Yes","Yes","Yes","No","No"
"390",1,119,1,82,5655069,5659713,3,NA,568,666,722,5657082,5657084,553,"ESACC",1,2,455.1,577,"Yes","Yes","Yes","No","No"
"391",1,119,1,82,5655069,5659713,4,NA,722,792,890,5657715,5657723,633,"ESACC",2,8,680.6,806.4,"Yes","No","Yes","No","No"
"392",1,119,1,82,5655069,5659713,5,NA,890,988,1920,5658075,5658082,360,"ESACC",1,7,832.4,932.2,"Yes","Yes","Yes","No","No"
"393",1,110,1,83,5661142,5665141,1,NA,162,232,288,5661703,5661705,NA,"ESACC",1,2,79.2,178,"Yes","Yes","Yes","No","No"
"394",1,110,1,83,5661142,5665141,2,NA,288,428,470,5662235,5662244,532,"ESACC",1,9,251.9,318.8,"Yes","Yes","Yes","No","No"
"395",1,110,1,83,5661142,5665141,3,NA,470,624,722,5663415,5663434,1180,"ESACC",2,19,416.8,599.2,"Yes","Yes","Yes","No","No"
"396",1,110,1,83,5661142,5665141,4,NA,722,834,904,5663746,5663751,331,"ESACC",1,5,599.2,747.8,"Yes","Yes","Yes","No","No"
"397",1,110,1,83,5661142,5665141,5,NA,904,1016,1920,5664233,5664239,487,"ESACC",2,6,860,937.7,"Yes","Yes","Yes","No","No"
"398",1,99,1,84,5666970,5670839,1,NA,162,260,330,5667614,5667624,NA,"ESACC",2,10,149.6,197.4,"No","Yes","Yes","No","No"
"399",1,99,1,84,5666970,5670839,2,NA,330,442,484,5668453,5668454,839,"ESACC",1,1,271.3,329.6,"Yes","Yes","Yes","Yes","No"
"400",1,99,1,84,5666970,5670839,3,NA,484,554,610,5669171,5669183,718,"ESACC",3,12,469.9,568.2,"No","No","Yes","No","No"
"401",1,99,1,84,5666970,5670839,4,NA,610,722,778,5669391,5669396,220,"ESACC",3,5,568.2,645.7,"Yes","Yes","Yes","No","No"
"402",1,99,1,84,5666970,5670839,5,NA,778,904,1920,5669883,5669897,492,"ESACC",1,14,754.4,867,"Yes","Yes","Yes","No","No"
"403",1,105,1,85,5672130,5675208,1,NA,246,316,372,5672853,5673054,NA,"EFIX",NA,201,161.5,248.2,"Yes","Yes","Yes","No","No"
"404",1,105,1,85,5672130,5675208,2,NA,372,484,568,5673267,5673279,414,"ESACC",1,12,357,418.4,"Yes","Yes","Yes","No","No"
"405",1,105,1,85,5672130,5675208,3,NA,568,680,736,5673672,5673683,405,"ESACC",2,11,522.8,622.3,"Yes","Yes","Yes","No","No"
"406",1,105,1,85,5672130,5675208,4,NA,736,820,932,5674143,5674155,471,"ESACC",1,12,707.9,846.2,"Yes","No","Yes","No","No"
"407",1,105,1,85,5672130,5675208,5,NA,932,1002,1920,5674422,5674561,279,"ESACC",1,139,846.2,972.5,"Yes","Yes","Yes","No","Yes"
"408",1,103,1,86,5676883,5681866,1,NA,176,274,330,5678216,5678225,NA,"ESACC",1,9,77.7,207,"Yes","Yes","Yes","No","No"
"409",1,103,1,86,5676883,5681866,2,NA,330,428,498,5678895,5678904,679,"ESACC",1,9,286,358.3,"Yes","Yes","Yes","No","No"
"410",1,103,1,86,5676883,5681866,3,NA,498,624,666,5679429,5679437,534,"ESACC",1,8,440.5,519.2,"Yes","Yes","Yes","No","No"
"411",1,103,1,86,5676883,5681866,4,NA,666,806,848,5680217,5680231,788,"ESACC",1,14,623.5,810.6,"Yes","No","Yes","No","No"
"412",1,103,1,86,5676883,5681866,5,NA,848,932,1920,5680592,5680599,375,"ESACC",2,7,769.4,889.2,"Yes","Yes","Yes","No","No"
"413",1,88,1,87,5683636,5687554,1,NA,204,330,442,5684383,5684390,NA,"ESACC",2,7,100.8,249,"Yes","Yes","Yes","No","No"
"414",1,88,1,87,5683636,5687554,2,NA,442,568,624,5685200,5685203,817,"ESACC",2,3,346.1,465.8,"Yes","Yes","Yes","No","No"
"415",1,88,1,87,5683636,5687554,3,NA,624,722,764,5685736,5685750,536,"ESACC",1,14,582.2,754.3,"Yes","No","Yes","No","No"
"416",1,88,1,87,5683636,5687554,4,NA,764,876,988,5686257,5686275,521,"ESACC",3,18,754.3,889.9,"No","No","Yes","No","No"
"417",1,102,1,88,5691558,5695710,1,NA,204,316,372,5692272,5692278,NA,"ESACC",1,6,127.4,240.6,"Yes","Yes","Yes","No","No"
"418",1,102,1,88,5691558,5695710,2,NA,372,526,568,5692807,5692817,535,"ESACC",1,10,345.1,419.5,"Yes","Yes","Yes","No","No"
"419",1,102,1,88,5691558,5695710,3,NA,568,652,764,5693363,5693377,556,"ESACC",3,14,555.7,660,"No","No","Yes","No","No"
"420",1,102,1,88,5691558,5695710,4,NA,764,932,1002,5693654,5694662,291,"EFIX",NA,1008,660,773.1,"Yes","Yes","Yes","No","Yes"
"421",1,118,1,89,5697385,5700818,1,NA,204,316,372,5698126,5698129,NA,"ESACC",2,3,31.3,214.9,"Yes","Yes","Yes","No","No"
"422",1,118,1,89,5697385,5700818,2,NA,372,442,582,5698935,5698944,809,"ESACC",2,9,339.2,440,"Yes","Yes","Yes","No","No"
"423",1,118,1,89,5697385,5700818,3,NA,582,694,750,5699266,5699519,331,"EFIX",NA,253,440,574.4,"Yes","No","Yes","Yes","No"
"424",1,118,1,89,5697385,5700818,4,NA,750,890,946,5699715,5699724,449,"ESACC",1,9,704,791.5,"Yes","Yes","Yes","No","No"
"425",1,89,1,90,5702783,5705996,1,NA,204,316,344,5703317,5703322,NA,"ESACC",NA,5,89.9,222.8,"Yes","Yes","Yes","No","No"
"426",1,89,1,90,5702783,5705996,2,NA,344,442,540,5703666,5704061,349,"EFIX",NA,395,222.8,342.7,"Yes","No","Yes","Yes","No"
"427",1,89,1,90,5702783,5705996,3,NA,540,624,708,5704317,5704547,651,"EFIX",2,230,462.8,540.7,"Yes","Yes","Yes","No","No"
"428",1,89,1,90,5702783,5705996,4,NA,708,834,876,5704755,5704758,438,"ESACC",2,3,630.7,734.2,"Yes","Yes","Yes","No","No"
"429",1,89,1,90,5702783,5705996,5,NA,876,960,1920,5705017,NA,262,"EFIX",NA,NA,734.2,867.2,"Yes","No","Yes","Yes","Yes"
"430",1,84,1,91,5709373,5713723,1,NA,204,274,372,5709897,5709899,NA,"ESACC",1,2,95,214.8,"Yes","Yes","Yes","No","No"
"431",1,84,1,91,5709373,5713723,2,NA,372,484,540,5710644,5710646,747,"ESACC",2,2,303.6,394.7,"Yes","Yes","Yes","No","No"
"432",1,84,1,91,5709373,5713723,3,NA,540,610,666,5711127,5711133,483,"ESACC",1,6,492.3,566.4,"Yes","Yes","Yes","No","No"
"433",1,84,1,91,5709373,5713723,4,NA,666,848,946,5711640,5711653,513,"ESACC",2,13,627.6,823.8,"Yes","Yes","Yes","No","No"
"434",1,95,1,92,5717123,5721300,1,NA,190,260,400,5717978,5717983,NA,"ESACC",1,5,131.8,205.2,"Yes","Yes","Yes","No","No"
"435",1,95,1,92,5717123,5721300,2,NA,400,470,540,5718557,5718562,579,"ESACC",1,5,301.1,435.8,"Yes","Yes","Yes","No","No"
"436",1,95,1,92,5717123,5721300,3,NA,540,680,736,5719206,5719217,649,"ESACC",2,11,487.9,664.5,"Yes","Yes","Yes","No","No"
"437",1,95,1,92,5717123,5721300,4,NA,736,834,876,5719497,5719503,291,"ESACC",1,6,664.5,769.2,"Yes","Yes","Yes","No","No"
"438",1,95,1,92,5717123,5721300,5,NA,876,960,1920,5719695,5719697,198,"ESACC",1,2,769.2,886.5,"Yes","Yes","Yes","No","Yes"
"439",1,107,1,93,5723956,5728976,1,NA,302,414,470,5724877,5724878,NA,"ESACC",2,1,103.4,310.7,"Yes","Yes","Yes","No","No"
"440",1,107,1,93,5723956,5728976,2,NA,470,610,652,5725433,5725438,556,"ESACC",2,5,429.7,509.4,"Yes","Yes","Yes","No","No"
"441",1,107,1,93,5723956,5728976,3,NA,652,792,876,5726408,5726427,975,"ESACC",1,19,639.5,799,"No","No","Yes","No","No"
"442",1,107,1,93,5723956,5728976,4,NA,876,960,1058,5726708,5726713,300,"ESACC",NA,5,799,895.3,"Yes","Yes","Yes","No","Yes"
"443",1,107,1,93,5723956,5728976,5,NA,1058,1198,1920,5728888,5728893,2180,"ESACC",NA,5,907.8,1474.1,"Yes","No","Yes","No","No"
"444",1,83,1,94,5731602,5735845,1,NA,260,386,442,5732914,5732922,NA,"ESACC",1,8,221.6,308,"Yes","Yes","Yes","No","No"
"445",1,83,1,94,5731602,5735845,2,NA,442,596,652,5733596,5733610,682,"ESACC",2,14,415,556.9,"Yes","Yes","Yes","No","No"
"446",1,83,1,94,5731602,5735845,3,NA,652,778,890,5734110,5734126,514,"ESACC",1,16,629.5,776.5,"Yes","Yes","Yes","No","No"
"447",1,83,1,94,5731602,5735845,4,NA,890,960,1100,5734469,5734471,359,"ESACC",2,2,776.5,926.1,"Yes","Yes","Yes","No","Yes"
"448",1,104,1,95,5740048,5745110,1,NA,232,344,456,5740881,5740888,NA,"ESACC",1,7,180.9,263.1,"Yes","Yes","Yes","No","No"
"449",1,104,1,95,5740048,5745110,2,NA,456,554,666,5741996,5741997,1115,"ESACC",2,1,352.2,452.7,"Yes","No","Yes","Yes","No"
"450",1,104,1,95,5740048,5745110,3,NA,666,750,806,5743154,5743167,1158,"ESACC",1,13,649.4,739.2,"Yes","Yes","Yes","No","No"
"451",1,104,1,95,5740048,5745110,4,NA,806,904,946,5743444,5743665,290,"EFIX",NA,221,739.2,810.5,"Yes","Yes","Yes","No","No"
"452",1,104,1,95,5740048,5745110,5,NA,946,1142,1920,5743664,5743665,220,"ESACC",2,1,810.5,974.2,"Yes","Yes","Yes","No","Yes"
"453",1,120,1,96,5746316,5751307,1,NA,246,358,414,5747136,5747138,NA,"ESACC",NA,2,130.3,266.4,"Yes","Yes","Yes","No","No"
"454",1,120,1,96,5746316,5751307,2,NA,414,498,540,5748059,5748064,923,"ESACC",3,5,386.9,448.8,"Yes","Yes","Yes","No","No"
"455",1,120,1,96,5746316,5751307,3,NA,540,638,680,5748669,5748682,610,"ESACC",1,13,524.8,643.8,"Yes","No","Yes","No","No"
"456",1,120,1,96,5746316,5751307,4,NA,680,792,876,5748998,5749010,329,"ESACC",3,12,643.8,779.1,"Yes","Yes","Yes","No","No"
"457",1,120,1,96,5746316,5751307,5,NA,876,974,1920,5749734,5749741,736,"ESACC",1,7,825.6,914.2,"Yes","Yes","Yes","No","No"
"458",1,97,1,97,5752763,5755955,1,NA,260,442,498,5753482,5753490,NA,"ESACC",1,8,172.4,290.6,"Yes","Yes","Yes","No","No"
"459",1,97,1,97,5752763,5755955,2,NA,498,638,694,5754122,5754125,640,"ESACC",2,3,430.8,517.5,"Yes","Yes","Yes","No","No"
"460",1,97,1,97,5752763,5755955,3,NA,694,806,862,5754807,5754810,685,"ESACC",1,3,630.8,705.6,"Yes","Yes","Yes","No","No"
"461",1,97,1,97,5752763,5755955,4,NA,862,932,974,5755266,5755276,459,"ESACC",2,10,835.7,951.5,"Yes","No","Yes","No","No"
"462",1,97,1,97,5752763,5755955,5,NA,974,1086,1920,5755525,NA,259,"ESACC",1,NA,951.5,NA,"Yes","No","Yes","No","Yes"
"463",1,111,1,98,5757696,5761495,1,NA,246,358,414,5758455,5758455,NA,"EFIX",1,0,115.6,263.7,"Yes","Yes","Yes","No","No"
"464",1,111,1,98,5757696,5761495,2,NA,414,526,610,5759031,5759259,576,"EFIX",NA,228,342.6,404.9,"Yes","No","Yes","Yes","No"
"465",1,111,1,98,5757696,5761495,3,NA,610,694,792,5759558,5759559,527,"ESACC",NA,1,539.4,614.9,"Yes","Yes","Yes","No","No"
"466",1,111,1,98,5757696,5761495,4,NA,792,890,1044,5760082,5760083,524,"ESACC",2,1,694.9,805.6,"Yes","Yes","Yes","No","No"
"467",1,109,1,99,5763807,5767593,1,NA,190,302,358,5764465,5764471,NA,"ESACC",2,6,141.3,212.4,"Yes","Yes","Yes","No","No"
"468",1,109,1,99,5763807,5767593,2,NA,358,470,512,5765154,5765447,689,"EFIX",NA,293,296.2,358,"Yes","Yes","Yes","Yes","No"
"469",1,109,1,99,5763807,5767593,3,NA,512,666,708,5765717,5765967,563,"EFIX",NA,250,414.4,521.9,"Yes","Yes","Yes","No","No"
"470",1,109,1,99,5763807,5767593,4,NA,708,806,890,5766186,5766188,469,"ESACC",2,2,643.5,725.1,"Yes","Yes","Yes","No","No"
"471",1,109,1,99,5763807,5767593,5,NA,890,1044,1920,5766605,5766610,419,"ESACC",1,5,825.8,924,"Yes","Yes","Yes","No","Yes"
"472",1,116,1,100,5769767,5774169,1,NA,190,358,414,5770623,5770628,NA,"ESACC",1,5,107,220.8,"Yes","Yes","Yes","No","No"
"473",1,116,1,100,5769767,5774169,2,NA,414,484,610,5771571,5771581,948,"ESACC",2,10,380.1,477.5,"Yes","Yes","Yes","No","No"
"474",1,116,1,100,5769767,5774169,3,NA,610,722,820,5772385,5772388,814,"ESACC",1,3,543.9,625.1,"Yes","Yes","Yes","No","No"
"475",1,116,1,100,5769767,5774169,4,NA,820,918,974,5772994,5772994,609,"EFIX",1,0,735.3,819.1,"Yes","No","Yes","Yes","No"
"476",1,116,1,100,5769767,5774169,5,NA,974,1100,1920,5773310,5773473,316,"EFIX",NA,163,819.1,979.6,"Yes","Yes","Yes","No","Yes"
"477",1,108,1,101,5776282,5779606,1,NA,190,288,400,5776915,5776922,NA,"ESACC",1,7,119,214.4,"Yes","Yes","Yes","No","No"
"478",1,108,1,101,5776282,5779606,2,NA,400,470,512,5777835,5777846,920,"ESACC",1,11,385.9,463.9,"No","Yes","Yes","No","No"
"479",1,108,1,101,5776282,5779606,3,NA,512,610,652,5778013,5778018,178,"ESACC",1,5,463.9,536.9,"Yes","Yes","Yes","No","No"
"480",1,108,1,101,5776282,5779606,4,NA,652,722,778,5778502,5778515,489,"ESACC",1,13,624.3,734.2,"Yes","No","Yes","No","No"
"481",1,108,1,101,5776282,5779606,5,NA,778,876,1920,5778778,5778791,276,"ESACC",2,13,734.2,895.1,"Yes","No","Yes","No","No"
"482",1,101,1,102,5781042,5785864,1,NA,232,372,456,5782007,5782336,NA,"EFIX",NA,329,67.2,231,"Yes","No","Yes","Yes","No"
"483",1,101,1,102,5781042,5785864,2,NA,456,540,680,5782793,5782798,786,"ESACC",1,5,397.5,480.9,"Yes","Yes","Yes","No","No"
"484",1,101,1,102,5781042,5785864,3,NA,680,778,834,5783549,5783571,756,"ESACC",1,22,672,786.7,"No","No","Yes","No","No"
"485",1,101,1,102,5781042,5785864,4,NA,834,932,1002,5783889,5783896,340,"ESACC",2,7,786.7,878.6,"Yes","Yes","Yes","No","No"
"486",1,101,1,102,5781042,5785864,5,NA,1002,1086,1920,5785565,5785570,1676,"ESACC",NA,5,878.6,1430.8,"Yes","No","Yes","No","No"
"487",1,85,1,103,5787559,5793871,1,NA,246,372,428,5788533,5788542,NA,"ESACC",1,9,199.9,290.8,"Yes","Yes","Yes","No","No"
"488",1,85,1,103,5787559,5793871,2,NA,428,498,568,5791011,5791018,2478,"ESACC",1,7,400.6,466.3,"Yes","Yes","Yes","No","No"
"489",1,85,1,103,5787559,5793871,3,NA,568,666,736,5791456,5791463,445,"ESACC",2,7,527.2,621.5,"Yes","Yes","Yes","No","No"
"490",1,85,1,103,5787559,5793871,4,NA,736,862,918,5792306,5792316,850,"ESACC",1,10,680.5,778.5,"Yes","Yes","Yes","No","No"
"491",1,85,1,103,5787559,5793871,5,NA,918,1058,1920,5792521,5792523,215,"ESACC",2,2,778.5,929.5,"Yes","Yes","Yes","No","Yes"
"492",1,114,1,104,5797515,5802337,1,NA,218,316,372,5798286,5798294,NA,"ESACC",1,8,131,236.1,"Yes","Yes","Yes","No","No"
"493",1,114,1,104,5797515,5802337,2,NA,372,484,624,5798938,5798943,652,"ESACC",1,5,330.9,391.2,"Yes","Yes","Yes","No","No"
"494",1,114,1,104,5797515,5802337,3,NA,624,736,778,5800629,5800633,1691,"ESACC",2,4,508.6,657.4,"Yes","Yes","Yes","No","No"
"495",1,114,1,104,5797515,5802337,4,NA,778,918,974,5801294,5801828,665,"ESACC",1,534,763.3,938.1,"Yes","No","Yes","No","No"
"496",1,82,1,105,5804043,5808065,1,NA,218,316,358,5804932,5804932,NA,"EFIX",1,0,50.7,228.2,"Yes","Yes","Yes","No","No"
"497",1,82,1,105,5804043,5808065,2,NA,358,470,526,5805676,5805694,744,"ESACC",2,18,341.9,493.3,"Yes","No","Yes","No","No"
"498",1,82,1,105,5804043,5808065,3,NA,526,652,750,5805968,5805974,292,"ESACC",2,6,493.3,569.5,"Yes","Yes","Yes","No","No"
"499",1,82,1,105,5804043,5808065,4,NA,750,890,974,5806478,5806484,510,"ESACC",NA,6,639.5,796.9,"Yes","Yes","Yes","No","No"
"500",1,82,1,105,5804043,5808065,5,NA,974,1044,1920,5807006,NA,528,"ESACC",1,NA,916.8,NA,"Yes","Yes","Yes","No","Yes"
"501",1,81,1,106,5811615,5814562,1,NA,176,260,316,5812240,5812243,NA,"ESACC",1,3,111.7,188.7,"Yes","Yes","Yes","No","No"
"502",1,81,1,106,5811615,5814562,2,NA,316,400,498,5812763,5812776,523,"ESACC",1,13,290.5,384,"Yes","Yes","Yes","No","No"
"503",1,81,1,106,5811615,5814562,3,NA,498,610,694,5813268,5813284,505,"ESACC",2,16,485.1,625.5,"No","No","Yes","No","No"
"504",1,81,1,106,5811615,5814562,4,NA,694,806,862,5813535,5813539,267,"ESACC",1,4,625.5,714.5,"Yes","Yes","Yes","No","No"
"505",1,81,1,106,5811615,5814562,5,NA,862,974,1920,5813780,5813984,245,"EFIX",NA,204,714.5,866.4,"Yes","Yes","Yes","No","No"
"506",1,106,1,107,5819695,5824089,1,NA,190,316,372,5821117,5821122,NA,"ESACC",2,5,137.9,225.4,"Yes","Yes","Yes","No","No"
"507",1,106,1,107,5819695,5824089,2,NA,372,526,582,5821567,5821573,450,"ESACC",2,6,313.2,396.2,"Yes","Yes","Yes","No","No"
"508",1,106,1,107,5819695,5824089,3,NA,582,652,722,5822108,5822114,541,"ESACC",1,6,528.6,595.3,"Yes","Yes","Yes","No","No"
"509",1,106,1,107,5819695,5824089,4,NA,722,806,904,5822623,5822625,515,"ESACC",2,2,659.7,736.5,"Yes","Yes","Yes","No","No"
"510",1,106,1,107,5819695,5824089,5,NA,904,1016,1920,5823106,5823110,483,"ESACC",1,4,828.5,923.9,"Yes","Yes","Yes","No","Yes"
"511",1,94,1,108,5825903,5829826,1,NA,162,260,316,5826460,5826467,NA,"ESACC",1,7,91.3,200.3,"Yes","Yes","Yes","No","No"
"512",1,94,1,108,5825903,5829826,2,NA,316,400,470,5826929,5826937,469,"ESACC",1,8,286.3,363,"Yes","Yes","Yes","No","No"
"513",1,94,1,108,5825903,5829826,3,NA,470,610,680,5827433,5827440,504,"ESACC",1,7,428.2,506.1,"Yes","Yes","Yes","No","No"
"514",1,94,1,108,5825903,5829826,4,NA,680,820,876,5827958,5827964,525,"ESACC",3,6,628.9,728.1,"Yes","Yes","Yes","No","No"
"515",1,94,1,108,5825903,5829826,5,NA,876,988,1920,5828370,5828373,412,"ESACC",2,3,728.1,875.3,"Yes","No","Yes","Yes","Yes"
"516",1,90,1,109,5831412,5836903,1,NA,218,330,400,5832110,5832119,NA,"ESACC",1,9,123.3,261.6,"Yes","Yes","Yes","No","No"
"517",1,90,1,109,5831412,5836903,2,NA,400,470,512,5832760,5832767,650,"ESACC",1,7,370.2,439.1,"Yes","Yes","Yes","No","No"
"518",1,90,1,109,5831412,5836903,3,NA,512,624,680,5832965,5833273,205,"EFIX",NA,308,439.1,503.7,"Yes","No","Yes","Yes","No"
"519",1,90,1,109,5831412,5836903,4,NA,680,792,862,5833558,5833560,593,"ESACC",1,2,605.1,697,"Yes","Yes","Yes","No","No"
"520",1,90,1,109,5831412,5836903,5,NA,862,1002,1920,5834116,5834125,558,"ESACC",NA,9,818.3,906.3,"Yes","Yes","Yes","No","No"
"521",1,91,1,110,5845472,5849019,1,NA,190,302,358,5845951,5845954,NA,"ESACC",2,3,118.5,218.8,"Yes","Yes","Yes","No","No"
"522",1,91,1,110,5845472,5849019,2,NA,358,526,624,5846488,5846831,537,"EFIX",NA,343,218.8,363.1,"Yes","Yes","Yes","No","No"
"523",1,91,1,110,5845472,5849019,3,NA,624,764,876,5847448,5847457,960,"ESACC",2,9,573.7,668.2,"Yes","Yes","Yes","No","No"
"524",1,91,1,110,5845472,5849019,4,NA,876,974,1030,5847966,5847971,518,"ESACC",2,5,793.4,925.4,"Yes","Yes","Yes","No","Yes"
"525",1,87,1,111,5852099,5855206,1,NA,288,372,428,5852664,5852669,NA,"ESACC",2,5,157.3,318.9,"Yes","Yes","Yes","No","No"
"526",1,87,1,111,5852099,5855206,2,NA,428,540,596,5853265,5853282,601,"ESACC",2,17,381.1,565.4,"Yes","No","Yes","No","No"
"527",1,87,1,111,5852099,5855206,3,NA,596,736,778,5853486,5853495,221,"ESACC",1,9,565.4,635.3,"Yes","Yes","Yes","No","No"
"528",1,87,1,111,5852099,5855206,4,NA,778,932,988,5853660,5853660,174,"EFIX",NA,0,635.3,790.4,"Yes","Yes","Yes","No","No"
"529",1,87,1,111,5852099,5855206,5,NA,988,1058,1920,5853900,5853914,240,"ESACC",1,14,790.4,1050.2,"Yes","Yes","Yes","No","Yes"
"530",1,117,1,112,5858511,5862064,1,NA,232,316,372,5859289,5859298,NA,"ESACC",1,9,148.3,264.2,"Yes","Yes","Yes","No","No"
"531",1,117,1,112,5858511,5862064,2,NA,372,456,498,5859797,5859805,508,"ESACC",2,8,359.2,410.9,"No","Yes","Yes","No","No"
"532",1,117,1,112,5858511,5862064,3,NA,498,624,736,5859993,5859995,196,"ESACC",1,2,410.9,516.2,"Yes","Yes","Yes","No","No"
"533",1,117,1,112,5858511,5862064,4,NA,736,806,862,5860629,5860634,636,"ESACC",1,5,642.8,767.9,"Yes","Yes","Yes","No","No"
"534",1,117,1,112,5858511,5862064,5,NA,862,946,1920,5860904,5860908,275,"ESACC",2,4,767.9,905.3,"Yes","Yes","Yes","No","No"
"535",1,92,1,113,5863739,5868071,1,NA,204,302,386,5864099,5864303,NA,"EFIX",NA,204,77.9,199.7,"Yes","No","Yes","Yes","No"
"536",1,92,1,113,5863739,5868071,2,NA,386,554,610,5865161,5865174,1062,"ESACC",1,13,341.2,447.6,"Yes","Yes","Yes","No","No"
"537",1,92,1,113,5863739,5868071,3,NA,610,694,820,5866638,5866643,1477,"ESACC",1,5,532.6,638.4,"Yes","Yes","Yes","No","No"
"538",1,92,1,113,5863739,5868071,4,NA,820,904,946,5867145,5867145,507,"EFIX",2,0,725.6,819.7,"Yes","Yes","Yes","Yes","No"
"539",1,92,1,113,5863739,5868071,5,NA,946,1030,1920,5867379,5867380,234,"ESACC",2,1,819.7,966,"Yes","Yes","Yes","No","Yes"
"540",1,86,1,114,5871676,5874998,1,NA,162,232,288,5872240,5872248,NA,"ESACC",1,8,115.8,209.7,"Yes","Yes","Yes","No","No"
"541",1,86,1,114,5871676,5874998,2,NA,288,400,470,5872446,5872732,206,"EFIX",NA,286,209.7,291.4,"Yes","Yes","Yes","No","No"
"542",1,86,1,114,5871676,5874998,3,NA,470,540,624,5873501,5873513,1055,"ESACC",NA,12,453.5,545.1,"Yes","No","Yes","No","No"
"543",1,86,1,114,5871676,5874998,4,NA,624,736,778,5873775,5873778,274,"ESACC",1,3,545.1,643.6,"Yes","Yes","Yes","No","No"
"544",1,86,1,114,5871676,5874998,5,NA,778,890,1920,5874041,5874044,266,"ESACC",1,3,643.6,783.9,"Yes","Yes","Yes","No","No"
"545",1,98,1,115,5879252,5886993,1,NA,162,274,330,5881960,5882102,NA,"ESACC",NA,142,83.3,49.6,"Yes","No","No","Yes","Yes"
"546",1,98,1,115,5879252,5886993,2,NA,330,456,596,5884445,5884457,2485,"ESACC",1,12,315,397,"Yes","Yes","Yes","No","No"
"547",1,98,1,115,5879252,5886993,3,NA,596,694,736,5885042,5885282,597,"EFIX",NA,240,496.5,591.7,"Yes","No","Yes","Yes","No"
"548",1,98,1,115,5879252,5886993,4,NA,736,848,918,5885288,5885579,246,"EFIX",NA,291,591.7,732.7,"Yes","No","Yes","Yes","No"
"549",1,98,1,115,5879252,5886993,5,NA,918,1030,1920,5885833,5886711,545,"ESACC",1,878,900,475,"Yes","No","No","Yes","Yes"
"550",1,96,1,116,5888779,5900039,1,NA,176,260,316,5889741,5889745,NA,"ESACC",1,4,112.9,178.7,"Yes","Yes","Yes","No","No"
"551",1,96,1,116,5888779,5900039,2,NA,316,400,568,5890360,5890370,619,"ESACC",3,10,281.8,381.5,"Yes","Yes","Yes","No","No"
"552",1,96,1,116,5888779,5900039,3,NA,568,680,750,5891138,5891138,778,"EFIX",1,0,466.3,567.1,"Yes","No","Yes","Yes","No"
"553",1,96,1,116,5888779,5900039,4,NA,750,876,960,5891612,5891618,474,"ESACC",2,6,682.9,797.5,"Yes","Yes","Yes","No","No"
"554",1,96,1,116,5888779,5900039,5,NA,960,1114,1920,5896526,5896531,4914,"ESACC",NA,5,919.5,1297.7,"Yes","No","Yes","No","Yes"
"555",1,93,1,117,5901444,5905986,1,NA,218,344,456,5902334,5902338,NA,"ESACC",1,4,108,239.6,"Yes","Yes","Yes","No","Yes"
"556",1,93,1,117,5901444,5905986,2,NA,456,610,750,5902920,5902923,586,"ESACC",2,3,364.7,485,"Yes","Yes","Yes","No","No"
"557",1,93,1,117,5901444,5905986,3,NA,750,862,904,5903906,5903915,986,"ESACC",2,9,638,775.1,"Yes","Yes","Yes","No","No"
"558",1,93,1,117,5901444,5905986,4,NA,904,1044,1072,5904427,5904477,521,"ESACC",2,50,878,961.2,"Yes","Yes","Yes","No","Yes"
"559",1,112,1,118,5919489,5924019,1,NA,162,274,330,5920158,5920170,NA,"ESACC",1,12,124.7,236,"Yes","Yes","Yes","No","No"
"560",1,112,1,118,5919489,5924019,2,NA,330,414,456,5920882,5920884,724,"ESACC",2,2,202.9,357.6,"Yes","Yes","Yes","No","No"
"561",1,112,1,118,5919489,5924019,3,NA,456,568,694,5921155,5921362,273,"EFIX",2,207,357.6,460.8,"Yes","Yes","Yes","No","No"
"562",1,112,1,118,5919489,5924019,4,NA,694,806,890,5921784,5921786,629,"ESACC",1,2,583,714.9,"Yes","Yes","Yes","No","No"
"563",1,112,1,118,5919489,5924019,5,NA,890,1072,1920,5922305,5922313,521,"ESACC",1,8,811.9,947.2,"Yes","Yes","Yes","No","Yes"
"564",1,113,1,119,5925749,5930148,1,NA,204,330,498,5926433,5926441,NA,"ESACC",NA,8,115.5,234.1,"Yes","Yes","Yes","No","No"
"565",1,113,1,119,5925749,5930148,2,NA,498,596,624,5927098,5927320,665,"EFIX",NA,222,366,496.9,"Yes","No","Yes","Yes","No"
"566",1,113,1,119,5925749,5930148,3,NA,624,708,820,5927590,5927606,492,"ESACC",2,16,613.6,718.6,"No","No","Yes","No","No"
"567",1,113,1,119,5925749,5930148,4,NA,820,890,946,5927820,5927821,230,"ESACC",1,1,718.6,842.1,"Yes","Yes","Yes","No","No"
"568",1,113,1,119,5925749,5930148,5,NA,946,1072,1920,5928100,5928334,280,"EFIX",2,234,842.1,955.4,"Yes","Yes","Yes","No","Yes"
"569",1,100,1,120,5932763,5937144,1,NA,190,330,386,5933572,5933578,NA,"ESACC",1,6,124.7,221,"Yes","Yes","Yes","No","No"
"570",1,100,1,120,5932763,5937144,2,NA,386,512,596,5934354,5934355,782,"ESACC",2,1,320,402.7,"Yes","Yes","Yes","No","No"
"571",1,100,1,120,5932763,5937144,3,NA,596,750,806,5935048,5935363,694,"EFIX",NA,315,494,597.2,"Yes","Yes","Yes","No","No"
"572",1,100,1,120,5932763,5937144,4,NA,806,932,988,5935652,5935658,604,"ESACC",2,6,754.7,854.1,"Yes","Yes","Yes","No","No"
"573",1,100,1,120,5932763,5937144,5,NA,988,1086,1920,5935867,NA,215,"EFIX",NA,NA,854.1,983.4,"Yes","No","Yes","Yes","Yes"
